entity_id,state,last_changed
sensor.alpstuga_air_quality_monitor_pm2_5_2,2.0,2026-01-15T16:00:00.000Z
sensor.alpstuga_air_quality_monitor_pm2_5_2,1.0,2026-01-15T16:20:00.622Z
sensor.alpstuga_air_quality_monitor_pm2_5_2,2.0,2026-01-15T16:21:29.806Z
sensor.alpstuga_air_quality_monitor_pm2_5_2,1.0,2026-01-15T16:28:05.889Z
sensor.alpstuga_air_quality_monitor_pm2_5_2,2.0,2026-01-15T16:28:55.379Z
sensor.alpstuga_air_quality_monitor_pm2_5_2,1.0,2026-01-15T16:30:24.555Z
sensor.alpstuga_air_quality_monitor_pm2_5_2,2.0,2026-01-15T16:33:22.921Z
sensor.alpstuga_air_quality_monitor_pm2_5_2,1.0,2026-01-15T16:34:02.455Z
sensor.alpstuga_air_quality_monitor_pm2_5_2,2.0,2026-01-15T16:34:42.144Z
sensor.alpstuga_air_quality_monitor_pm2_5_2,1.0,2026-01-15T16:35:51.355Z
sensor.alpstuga_air_quality_monitor_pm2_5_2,2.0,2026-01-15T16:40:18.854Z
sensor.alpstuga_air_quality_monitor_pm2_5_2,1.0,2026-01-15T16:46:25.410Z
sensor.alpstuga_air_quality_monitor_pm2_5_2,2.0,2026-01-15T16:46:54.971Z
sensor.alpstuga_air_quality_monitor_pm2_5_2,1.0,2026-01-15T16:47:44.632Z
sensor.alpstuga_air_quality_monitor_pm2_5_2,2.0,2026-01-15T16:48:04.453Z
sensor.alpstuga_air_quality_monitor_pm2_5_2,1.0,2026-01-15T16:48:14.369Z
sensor.alpstuga_air_quality_monitor_pm2_5_2,2.0,2026-01-15T16:49:33.604Z
sensor.alpstuga_air_quality_monitor_pm2_5_2,1.0,2026-01-15T16:54:00.924Z
sensor.alpstuga_air_quality_monitor_pm2_5_2,2.0,2026-01-15T16:57:58.544Z
sensor.alpstuga_air_quality_monitor_pm2_5_2,1.0,2026-01-15T17:10:11.590Z
sensor.alpstuga_air_quality_monitor_pm2_5_2,2.0,2026-01-15T17:17:27.294Z
sensor.alpstuga_air_quality_monitor_pm2_5_2,1.0,2026-01-15T17:18:16.969Z
sensor.alpstuga_air_quality_monitor_pm2_5_2,2.0,2026-01-15T17:19:26.115Z
sensor.alpstuga_air_quality_monitor_pm2_5_2,1.0,2026-01-15T17:20:05.764Z
sensor.alpstuga_air_quality_monitor_pm2_5_2,2.0,2026-01-15T17:22:34.280Z
sensor.alpstuga_air_quality_monitor_pm2_5_2,1.0,2026-01-15T17:24:43.032Z
sensor.alpstuga_air_quality_monitor_pm2_5_2,2.0,2026-01-15T17:31:09.445Z
sensor.alpstuga_air_quality_monitor_pm2_5_2,1.0,2026-01-15T17:32:08.817Z
sensor.alpstuga_air_quality_monitor_pm2_5_2,2.0,2026-01-15T17:32:18.765Z
sensor.alpstuga_air_quality_monitor_pm2_5_2,1.0,2026-01-15T17:33:37.954Z
sensor.alpstuga_air_quality_monitor_pm2_5_2,0.0,2026-01-15T18:22:39.621Z
sensor.alpstuga_air_quality_monitor_pm2_5_2,1.0,2026-01-15T18:23:19.112Z
sensor.alpstuga_air_quality_monitor_pm2_5_2,0.0,2026-01-15T18:41:18.588Z
sensor.alpstuga_air_quality_monitor_pm2_5_2,1.0,2026-01-15T18:42:08.200Z
sensor.alpstuga_air_quality_monitor_pm2_5_2,0.0,2026-01-15T18:49:43.599Z
sensor.alpstuga_air_quality_monitor_pm2_5_2,1.0,2026-01-15T18:50:53.048Z
sensor.alpstuga_air_quality_monitor_pm2_5_2,2.0,2026-01-15T19:16:48.049Z
sensor.alpstuga_air_quality_monitor_pm2_5_2,1.0,2026-01-15T19:17:07.783Z
sensor.alpstuga_air_quality_monitor_pm2_5_2,0.0,2026-01-15T19:27:21.828Z
sensor.alpstuga_air_quality_monitor_pm2_5_2,1.0,2026-01-15T19:28:11.426Z
sensor.alpstuga_air_quality_monitor_pm2_5_2,0.0,2026-01-15T19:37:25.991Z
sensor.alpstuga_air_quality_monitor_pm2_5_2,1.0,2026-01-15T19:42:52.766Z
sensor.alpstuga_air_quality_monitor_pm2_5_2,0.0,2026-01-15T19:44:21.908Z
sensor.alpstuga_air_quality_monitor_pm2_5_2,1.0,2026-01-15T19:45:41.179Z
sensor.alpstuga_air_quality_monitor_pm2_5_2,0.0,2026-01-15T19:47:00.357Z
sensor.alpstuga_air_quality_monitor_pm2_5_2,1.0,2026-01-15T19:47:39.915Z
sensor.alpstuga_air_quality_monitor_pm2_5_2,0.0,2026-01-15T19:49:58.548Z
sensor.alpstuga_air_quality_monitor_pm2_5_2,1.0,2026-01-15T19:53:46.295Z
sensor.alpstuga_air_quality_monitor_pm2_5_2,0.0,2026-01-15T20:00:32.520Z
sensor.alpstuga_air_quality_monitor_pm2_5_2,1.0,2026-01-15T20:06:58.717Z
sensor.alpstuga_air_quality_monitor_pm2_5_2,0.0,2026-01-15T20:07:48.278Z
sensor.alpstuga_air_quality_monitor_pm2_5_2,1.0,2026-01-15T20:11:46.003Z
sensor.alpstuga_air_quality_monitor_pm2_5_2,0.0,2026-01-15T20:12:15.756Z
sensor.alpstuga_air_quality_monitor_pm2_5_2,1.0,2026-01-15T20:14:24.448Z
sensor.alpstuga_air_quality_monitor_pm2_5_2,0.0,2026-01-15T20:14:34.331Z
sensor.alpstuga_air_quality_monitor_pm2_5_2,1.0,2026-01-15T20:17:22.650Z
sensor.alpstuga_air_quality_monitor_pm2_5_2,0.0,2026-01-15T20:23:19.286Z
sensor.alpstuga_air_quality_monitor_pm2_5_2,1.0,2026-01-15T20:23:29.075Z
sensor.alpstuga_air_quality_monitor_pm2_5_2,0.0,2026-01-15T20:23:39.022Z
sensor.alpstuga_air_quality_monitor_pm2_5_2,1.0,2026-01-15T20:24:18.663Z
sensor.alpstuga_air_quality_monitor_pm2_5_2,0.0,2026-01-15T20:28:36.233Z
sensor.alpstuga_air_quality_monitor_pm2_5_2,1.0,2026-01-15T20:36:31.585Z
sensor.alpstuga_air_quality_monitor_pm2_5_2,0.0,2026-01-15T20:37:11.244Z
sensor.alpstuga_air_quality_monitor_pm2_5_2,1.0,2026-01-15T20:41:58.292Z
sensor.alpstuga_air_quality_monitor_pm2_5_2,0.0,2026-01-15T20:42:08.259Z
sensor.alpstuga_air_quality_monitor_pm2_5_2,1.0,2026-01-15T20:50:13.716Z
sensor.alpstuga_air_quality_monitor_pm2_5_2,0.0,2026-01-15T20:51:03.190Z
sensor.alpstuga_air_quality_monitor_pm2_5_2,1.0,2026-01-15T20:54:01.667Z
sensor.alpstuga_air_quality_monitor_pm2_5_2,0.0,2026-01-15T20:55:20.934Z
sensor.alpstuga_air_quality_monitor_pm2_5_2,1.0,2026-01-15T20:58:29.090Z
sensor.alpstuga_air_quality_monitor_pm2_5_2,0.0,2026-01-15T20:59:38.392Z
sensor.alpstuga_air_quality_monitor_pm2_5_2,1.0,2026-01-15T21:00:57.574Z
sensor.alpstuga_air_quality_monitor_pm2_5_2,0.0,2026-01-15T21:01:07.492Z
sensor.alpstuga_air_quality_monitor_pm2_5_2,1.0,2026-01-15T21:10:02.278Z
sensor.alpstuga_air_quality_monitor_pm2_5_2,0.0,2026-01-15T21:12:01.264Z
sensor.alpstuga_air_quality_monitor_pm2_5_2,1.0,2026-01-15T21:14:19.878Z
sensor.alpstuga_air_quality_monitor_pm2_5_2,0.0,2026-01-15T21:15:49.060Z
sensor.alpstuga_air_quality_monitor_pm2_5_2,1.0,2026-01-15T21:36:36.958Z
sensor.alpstuga_air_quality_monitor_pm2_5_2,0.0,2026-01-15T21:38:06.117Z
sensor.alpstuga_air_quality_monitor_pm2_5_2,1.0,2026-01-15T21:47:20.770Z
sensor.alpstuga_air_quality_monitor_pm2_5_2,0.0,2026-01-15T21:47:50.427Z
sensor.alpstuga_air_quality_monitor_pm2_5_2,1.0,2026-01-15T22:02:02.140Z
sensor.alpstuga_air_quality_monitor_pm2_5_2,0.0,2026-01-15T22:02:22.010Z
sensor.alpstuga_air_quality_monitor_pm2_5_2,1.0,2026-01-15T22:21:21.066Z
sensor.alpstuga_air_quality_monitor_pm2_5_2,0.0,2026-01-15T22:21:50.692Z
sensor.alpstuga_air_quality_monitor_pm2_5_2,1.0,2026-01-15T22:28:07.092Z
sensor.alpstuga_air_quality_monitor_pm2_5_2,0.0,2026-01-15T22:28:46.679Z
sensor.alpstuga_air_quality_monitor_pm2_5_2,1.0,2026-01-15T22:30:25.683Z
sensor.alpstuga_air_quality_monitor_pm2_5_2,0.0,2026-01-15T22:38:21.212Z
sensor.alpstuga_air_quality_monitor_pm2_5_2,1.0,2026-01-15T22:39:00.771Z
sensor.alpstuga_air_quality_monitor_pm2_5_2,0.0,2026-01-15T22:40:10.134Z
sensor.alpstuga_air_quality_monitor_pm2_5_2,1.0,2026-01-15T22:42:18.828Z
sensor.alpstuga_air_quality_monitor_pm2_5_2,0.0,2026-01-15T22:46:06.580Z
sensor.alpstuga_air_quality_monitor_pm2_5_2,1.0,2026-01-15T22:46:36.336Z
sensor.alpstuga_air_quality_monitor_pm2_5_2,0.0,2026-01-15T22:47:45.554Z
sensor.alpstuga_air_quality_monitor_pm2_5_2,1.0,2026-01-15T22:49:14.805Z
sensor.alpstuga_air_quality_monitor_pm2_5_2,0.0,2026-01-15T22:49:44.470Z
sensor.alpstuga_air_quality_monitor_pm2_5_2,1.0,2026-01-15T22:49:54.282Z
sensor.alpstuga_air_quality_monitor_pm2_5_2,0.0,2026-01-15T22:50:33.972Z
sensor.alpstuga_air_quality_monitor_pm2_5_2,1.0,2026-01-15T23:07:44.152Z
sensor.alpstuga_air_quality_monitor_pm2_5_2,0.0,2026-01-15T23:08:43.551Z
sensor.alpstuga_air_quality_monitor_pm2_5_2,1.0,2026-01-15T23:16:29.036Z
sensor.alpstuga_air_quality_monitor_pm2_5_2,0.0,2026-01-15T23:20:46.497Z
sensor.alpstuga_air_quality_monitor_pm2_5_2,1.0,2026-01-15T23:21:45.926Z
sensor.alpstuga_air_quality_monitor_pm2_5_2,0.0,2026-01-15T23:23:34.779Z
sensor.alpstuga_air_quality_monitor_pm2_5_2,1.0,2026-01-15T23:26:13.327Z
sensor.alpstuga_air_quality_monitor_pm2_5_2,0.0,2026-01-15T23:26:52.942Z
sensor.alpstuga_air_quality_monitor_pm2_5_2,1.0,2026-01-15T23:27:02.845Z
sensor.alpstuga_air_quality_monitor_pm2_5_2,0.0,2026-01-15T23:27:52.321Z
sensor.alpstuga_air_quality_monitor_pm2_5_2,1.0,2026-01-15T23:28:22.168Z
sensor.alpstuga_air_quality_monitor_pm2_5_2,0.0,2026-01-15T23:29:41.277Z
sensor.alpstuga_air_quality_monitor_pm2_5_2,1.0,2026-01-15T23:34:58.285Z
sensor.alpstuga_air_quality_monitor_pm2_5_2,0.0,2026-01-15T23:35:18.105Z
sensor.alpstuga_air_quality_monitor_pm2_5_2,1.0,2026-01-15T23:35:47.682Z
sensor.alpstuga_air_quality_monitor_pm2_5_2,0.0,2026-01-15T23:39:25.760Z
sensor.alpstuga_air_quality_monitor_pm2_5_2,1.0,2026-01-15T23:40:05.160Z
sensor.alpstuga_air_quality_monitor_pm2_5_2,0.0,2026-01-15T23:41:14.577Z
sensor.alpstuga_air_quality_monitor_pm2_5_2,1.0,2026-01-15T23:48:20.536Z
sensor.alpstuga_air_quality_monitor_pm2_5_2,0.0,2026-01-15T23:48:30.402Z
sensor.alpstuga_air_quality_monitor_pm2_5_2,1.0,2026-01-15T23:48:40.312Z
sensor.alpstuga_air_quality_monitor_pm2_5_2,0.0,2026-01-15T23:49:59.427Z
sensor.alpstuga_air_quality_monitor_pm2_5_2,1.0,2026-01-15T23:51:18.780Z
sensor.alpstuga_air_quality_monitor_pm2_5_2,0.0,2026-01-15T23:52:08.208Z
sensor.alpstuga_air_quality_monitor_pm2_5_2,1.0,2026-01-15T23:54:07.035Z
sensor.alpstuga_air_quality_monitor_pm2_5_2,0.0,2026-01-15T23:54:56.417Z
sensor.alpstuga_air_quality_monitor_pm2_5_2,1.0,2026-01-15T23:55:26.204Z
sensor.alpstuga_air_quality_monitor_pm2_5_2,0.0,2026-01-15T23:57:05.172Z
sensor.alpstuga_air_quality_monitor_pm2_5_2,1.0,2026-01-16T00:01:32.650Z
sensor.alpstuga_air_quality_monitor_pm2_5_2,0.0,2026-01-16T00:03:01.782Z
sensor.alpstuga_air_quality_monitor_pm2_5_2,1.0,2026-01-16T00:06:29.733Z
sensor.alpstuga_air_quality_monitor_pm2_5_2,0.0,2026-01-16T00:06:39.652Z
sensor.alpstuga_air_quality_monitor_pm2_5_2,1.0,2026-01-16T00:09:37.976Z
sensor.alpstuga_air_quality_monitor_pm2_5_2,0.0,2026-01-16T00:10:17.522Z
sensor.alpstuga_air_quality_monitor_pm2_5_2,1.0,2026-01-16T00:10:37.329Z
sensor.alpstuga_air_quality_monitor_pm2_5_2,0.0,2026-01-16T00:11:16.979Z
sensor.alpstuga_air_quality_monitor_pm2_5_2,1.0,2026-01-16T00:15:34.483Z
sensor.alpstuga_air_quality_monitor_pm2_5_2,0.0,2026-01-16T00:17:43.219Z
sensor.alpstuga_air_quality_monitor_pm2_5_2,1.0,2026-01-16T00:18:02.893Z
sensor.alpstuga_air_quality_monitor_pm2_5_2,0.0,2026-01-16T00:19:02.428Z
sensor.alpstuga_air_quality_monitor_pm2_5_2,1.0,2026-01-16T00:24:39.143Z
sensor.alpstuga_air_quality_monitor_pm2_5_2,0.0,2026-01-16T00:25:08.901Z
sensor.alpstuga_air_quality_monitor_pm2_5_2,1.0,2026-01-16T00:27:07.747Z
sensor.alpstuga_air_quality_monitor_pm2_5_2,0.0,2026-01-16T00:29:06.560Z
sensor.alpstuga_air_quality_monitor_pm2_5_2,1.0,2026-01-16T00:34:53.136Z
sensor.alpstuga_air_quality_monitor_pm2_5_2,0.0,2026-01-16T00:51:04.943Z
sensor.alpstuga_air_quality_monitor_pm2_5_2,1.0,2026-01-16T00:51:43.312Z
sensor.alpstuga_air_quality_monitor_pm2_5_2,0.0,2026-01-16T01:07:44.128Z
sensor.alpstuga_air_quality_monitor_pm2_5_2,1.0,2026-01-16T01:09:13.203Z
sensor.alpstuga_air_quality_monitor_pm2_5_2,0.0,2026-01-16T01:11:41.805Z
sensor.alpstuga_air_quality_monitor_pm2_5_2,1.0,2026-01-16T01:11:51.698Z
sensor.alpstuga_air_quality_monitor_pm2_5_2,0.0,2026-01-16T01:15:29.554Z
sensor.alpstuga_air_quality_monitor_pm2_5_2,1.0,2026-01-16T01:19:46.990Z
sensor.alpstuga_air_quality_monitor_pm2_5_2,0.0,2026-01-16T01:21:36.052Z
sensor.alpstuga_air_quality_monitor_pm2_5_2,1.0,2026-01-16T01:23:54.720Z
sensor.alpstuga_air_quality_monitor_pm2_5_2,0.0,2026-01-16T01:26:43.000Z
sensor.alpstuga_air_quality_monitor_pm2_5_2,1.0,2026-01-16T01:31:20.400Z
sensor.alpstuga_air_quality_monitor_pm2_5_2,0.0,2026-01-16T01:31:40.219Z
sensor.alpstuga_air_quality_monitor_pm2_5_2,1.0,2026-01-16T01:32:00.045Z
sensor.alpstuga_air_quality_monitor_pm2_5_2,0.0,2026-01-16T01:34:18.759Z
sensor.alpstuga_air_quality_monitor_pm2_5_2,1.0,2026-01-16T01:35:37.860Z
sensor.alpstuga_air_quality_monitor_pm2_5_2,2.0,2026-01-16T01:43:53.066Z
sensor.alpstuga_air_quality_monitor_pm2_5_2,1.0,2026-01-16T01:48:30.290Z
sensor.alpstuga_air_quality_monitor_pm2_5_2,0.0,2026-01-16T02:57:00.468Z
sensor.alpstuga_air_quality_monitor_pm2_5_2,1.0,2026-01-16T02:58:49.408Z
sensor.alpstuga_air_quality_monitor_pm2_5_2,0.0,2026-01-16T03:06:54.704Z
sensor.alpstuga_air_quality_monitor_pm2_5_2,1.0,2026-01-16T03:08:54.712Z
sensor.alpstuga_air_quality_monitor_pm2_5_2,0.0,2026-01-16T03:37:17.339Z
sensor.alpstuga_air_quality_monitor_pm2_5_2,1.0,2026-01-16T03:39:25.982Z
sensor.alpstuga_air_quality_monitor_pm2_5_2,0.0,2026-01-16T03:48:50.443Z
sensor.alpstuga_air_quality_monitor_pm2_5_2,1.0,2026-01-16T03:51:19.030Z
sensor.alpstuga_air_quality_monitor_pm2_5_2,0.0,2026-01-16T03:56:55.801Z
sensor.alpstuga_air_quality_monitor_pm2_5_2,1.0,2026-01-16T03:59:04.568Z
sensor.alpstuga_air_quality_monitor_pm2_5_2,0.0,2026-01-16T03:59:14.511Z
sensor.alpstuga_air_quality_monitor_pm2_5_2,1.0,2026-01-16T03:59:24.517Z
sensor.alpstuga_air_quality_monitor_pm2_5_2,0.0,2026-01-16T04:00:03.868Z
sensor.alpstuga_air_quality_monitor_pm2_5_2,1.0,2026-01-16T04:00:43.624Z
sensor.alpstuga_air_quality_monitor_pm2_5_2,0.0,2026-01-16T04:03:41.870Z
sensor.alpstuga_air_quality_monitor_pm2_5_2,1.0,2026-01-16T04:04:11.618Z
sensor.alpstuga_air_quality_monitor_pm2_5_2,0.0,2026-01-16T04:06:20.403Z
sensor.alpstuga_air_quality_monitor_pm2_5_2,1.0,2026-01-16T04:08:29.151Z
sensor.alpstuga_air_quality_monitor_pm2_5_2,0.0,2026-01-16T04:08:39.046Z
sensor.alpstuga_air_quality_monitor_pm2_5_2,1.0,2026-01-16T04:09:38.380Z
sensor.alpstuga_air_quality_monitor_pm2_5_2,0.0,2026-01-16T04:11:47.087Z
sensor.alpstuga_air_quality_monitor_pm2_5_2,1.0,2026-01-16T04:13:26.306Z
sensor.alpstuga_air_quality_monitor_pm2_5_2,0.0,2026-01-16T04:13:56.046Z
sensor.alpstuga_air_quality_monitor_pm2_5_2,1.0,2026-01-16T04:14:35.680Z
sensor.alpstuga_air_quality_monitor_pm2_5_2,0.0,2026-01-16T04:18:33.399Z
sensor.alpstuga_air_quality_monitor_pm2_5_2,1.0,2026-01-16T04:18:53.209Z
sensor.alpstuga_air_quality_monitor_pm2_5_2,0.0,2026-01-16T04:22:50.952Z
sensor.alpstuga_air_quality_monitor_pm2_5_2,1.0,2026-01-16T04:24:30.075Z
sensor.alpstuga_air_quality_monitor_pm2_5_2,0.0,2026-01-16T04:24:59.698Z
sensor.alpstuga_air_quality_monitor_pm2_5_2,1.0,2026-01-16T04:25:19.575Z
sensor.alpstuga_air_quality_monitor_pm2_5_2,0.0,2026-01-16T04:26:09.185Z
sensor.alpstuga_air_quality_monitor_pm2_5_2,1.0,2026-01-16T04:28:47.687Z
sensor.alpstuga_air_quality_monitor_pm2_5_2,0.0,2026-01-16T04:29:27.151Z
sensor.alpstuga_air_quality_monitor_pm2_5_2,1.0,2026-01-16T04:33:05.110Z
sensor.alpstuga_air_quality_monitor_pm2_5_2,0.0,2026-01-16T04:35:13.823Z
sensor.alpstuga_air_quality_monitor_pm2_5_2,1.0,2026-01-16T04:41:00.616Z
sensor.alpstuga_air_quality_monitor_pm2_5_2,0.0,2026-01-16T04:42:19.764Z
sensor.alpstuga_air_quality_monitor_pm2_5_2,1.0,2026-01-16T04:47:46.536Z
sensor.alpstuga_air_quality_monitor_pm2_5_2,0.0,2026-01-16T04:48:06.278Z
sensor.alpstuga_air_quality_monitor_pm2_5_2,1.0,2026-01-16T04:48:55.878Z
sensor.alpstuga_air_quality_monitor_pm2_5_2,0.0,2026-01-16T04:51:44.405Z
sensor.alpstuga_air_quality_monitor_pm2_5_2,1.0,2026-01-16T04:52:53.530Z
sensor.alpstuga_air_quality_monitor_pm2_5_2,0.0,2026-01-16T05:05:55.990Z
sensor.alpstuga_air_quality_monitor_pm2_5_2,1.0,2026-01-16T05:08:44.406Z
sensor.alpstuga_air_quality_monitor_pm2_5_2,0.0,2026-01-16T05:17:59.014Z
sensor.alpstuga_air_quality_monitor_pm2_5_2,1.0,2026-01-16T05:18:08.873Z
sensor.alpstuga_air_quality_monitor_pm2_5_2,0.0,2026-01-16T05:20:57.326Z
sensor.alpstuga_air_quality_monitor_pm2_5_2,1.0,2026-01-16T05:21:26.985Z
sensor.alpstuga_air_quality_monitor_pm2_5_2,0.0,2026-01-16T05:24:15.416Z
sensor.alpstuga_air_quality_monitor_pm2_5_2,1.0,2026-01-16T05:25:04.981Z
sensor.alpstuga_air_quality_monitor_pm2_5_2,0.0,2026-01-16T05:33:30.072Z
sensor.alpstuga_air_quality_monitor_pm2_5_2,1.0,2026-01-16T05:36:38.440Z
sensor.alpstuga_air_quality_monitor_pm2_5_2,0.0,2026-01-16T05:38:07.463Z
sensor.alpstuga_air_quality_monitor_pm2_5_2,1.0,2026-01-16T05:39:36.748Z
sensor.alpstuga_air_quality_monitor_pm2_5_2,0.0,2026-01-16T05:41:35.670Z
sensor.alpstuga_air_quality_monitor_pm2_5_2,1.0,2026-01-16T05:44:53.809Z
sensor.alpstuga_air_quality_monitor_pm2_5_2,0.0,2026-01-16T05:45:03.668Z
sensor.alpstuga_air_quality_monitor_pm2_5_2,1.0,2026-01-16T05:45:33.409Z
sensor.alpstuga_air_quality_monitor_pm2_5_2,0.0,2026-01-16T05:46:02.982Z
sensor.alpstuga_air_quality_monitor_pm2_5_2,1.0,2026-01-16T05:48:11.796Z
sensor.alpstuga_air_quality_monitor_pm2_5_2,0.0,2026-01-16T05:48:21.711Z
sensor.alpstuga_air_quality_monitor_pm2_5_2,1.0,2026-01-16T05:54:08.319Z
sensor.alpstuga_air_quality_monitor_pm2_5_2,0.0,2026-01-16T05:54:57.929Z
sensor.alpstuga_air_quality_monitor_pm2_5_2,1.0,2026-01-16T05:56:27.029Z
sensor.alpstuga_air_quality_monitor_pm2_5_2,0.0,2026-01-16T05:56:46.858Z
sensor.alpstuga_air_quality_monitor_pm2_5_2,1.0,2026-01-16T06:05:31.831Z
sensor.alpstuga_air_quality_monitor_pm2_5_2,0.0,2026-01-16T06:06:01.514Z
sensor.alpstuga_air_quality_monitor_pm2_5_2,1.0,2026-01-16T06:06:11.493Z
sensor.alpstuga_air_quality_monitor_pm2_5_2,0.0,2026-01-16T06:06:21.425Z
sensor.alpstuga_air_quality_monitor_pm2_5_2,1.0,2026-01-16T06:09:29.455Z
sensor.alpstuga_air_quality_monitor_pm2_5_2,0.0,2026-01-16T06:11:58.050Z
sensor.alpstuga_air_quality_monitor_pm2_5_2,1.0,2026-01-16T06:12:37.685Z
sensor.alpstuga_air_quality_monitor_pm2_5_2,0.0,2026-01-16T06:13:47.036Z
sensor.alpstuga_air_quality_monitor_pm2_5_2,1.0,2026-01-16T06:15:25.975Z
sensor.alpstuga_air_quality_monitor_pm2_5_2,0.0,2026-01-16T06:16:05.594Z
sensor.alpstuga_air_quality_monitor_pm2_5_2,1.0,2026-01-16T06:18:14.457Z
sensor.alpstuga_air_quality_monitor_pm2_5_2,0.0,2026-01-16T06:19:53.335Z
sensor.alpstuga_air_quality_monitor_pm2_5_2,1.0,2026-01-16T06:23:11.458Z
sensor.alpstuga_air_quality_monitor_pm2_5_2,0.0,2026-01-16T06:23:31.166Z
sensor.alpstuga_air_quality_monitor_pm2_5_2,1.0,2026-01-16T06:27:48.640Z
sensor.alpstuga_air_quality_monitor_pm2_5_2,0.0,2026-01-16T06:29:27.803Z
sensor.alpstuga_air_quality_monitor_pm2_5_2,1.0,2026-01-16T06:33:25.521Z
sensor.alpstuga_air_quality_monitor_pm2_5_2,0.0,2026-01-16T06:35:44.062Z
sensor.alpstuga_air_quality_monitor_pm2_5_2,1.0,2026-01-16T06:35:53.976Z
sensor.alpstuga_air_quality_monitor_pm2_5_2,0.0,2026-01-16T06:36:43.567Z
sensor.alpstuga_air_quality_monitor_pm2_5_2,1.0,2026-01-16T06:40:11.483Z
sensor.alpstuga_air_quality_monitor_pm2_5_2,0.0,2026-01-16T06:40:41.231Z
sensor.alpstuga_air_quality_monitor_pm2_5_2,1.0,2026-01-16T06:48:06.887Z
sensor.alpstuga_air_quality_monitor_pm2_5_2,0.0,2026-01-16T07:02:18.662Z
sensor.alpstuga_air_quality_monitor_pm2_5_2,1.0,2026-01-16T07:02:38.435Z
sensor.alpstuga_air_quality_monitor_pm2_5_2,0.0,2026-01-16T07:03:08.048Z
sensor.alpstuga_air_quality_monitor_pm2_5_2,1.0,2026-01-16T07:03:27.892Z
sensor.alpstuga_air_quality_monitor_pm2_5_2,0.0,2026-01-16T07:03:57.592Z
sensor.alpstuga_air_quality_monitor_pm2_5_2,1.0,2026-01-16T07:05:06.837Z
sensor.alpstuga_air_quality_monitor_pm2_5_2,0.0,2026-01-16T07:11:13.380Z
sensor.alpstuga_air_quality_monitor_pm2_5_2,1.0,2026-01-16T07:12:02.747Z
sensor.alpstuga_air_quality_monitor_pm2_5_2,0.0,2026-01-16T07:54:28.333Z
sensor.alpstuga_air_quality_monitor_pm2_5_2,1.0,2026-01-16T07:54:38.211Z
sensor.alpstuga_air_quality_monitor_pm2_5_2,0.0,2026-01-16T08:31:07.184Z
sensor.alpstuga_air_quality_monitor_pm2_5_2,1.0,2026-01-16T08:31:36.840Z
sensor.alpstuga_air_quality_monitor_pm2_5_2,0.0,2026-01-16T08:32:16.519Z
sensor.alpstuga_air_quality_monitor_pm2_5_2,1.0,2026-01-16T08:33:25.776Z
sensor.alpstuga_air_quality_monitor_pm2_5_2,0.0,2026-01-16T08:54:23.677Z
sensor.alpstuga_air_quality_monitor_pm2_5_2,1.0,2026-01-16T08:54:43.550Z
sensor.alpstuga_air_quality_monitor_pm2_5_2,0.0,2026-01-16T08:56:02.646Z
sensor.alpstuga_air_quality_monitor_pm2_5_2,1.0,2026-01-16T08:57:31.961Z
sensor.alpstuga_air_quality_monitor_pm2_5_2,2.0,2026-01-16T09:42:45.616Z
sensor.alpstuga_air_quality_monitor_pm2_5_2,1.0,2026-01-16T09:43:44.953Z
sensor.alpstuga_air_quality_monitor_pm2_5_2,2.0,2026-01-16T09:44:14.743Z
sensor.alpstuga_air_quality_monitor_pm2_5_2,1.0,2026-01-16T09:45:53.797Z
sensor.alpstuga_air_quality_monitor_pm2_5_2,2.0,2026-01-16T09:46:53.239Z
sensor.alpstuga_air_quality_monitor_pm2_5_2,1.0,2026-01-16T09:47:52.722Z
sensor.alpstuga_air_quality_monitor_pm2_5_2,2.0,2026-01-16T09:50:01.324Z
sensor.alpstuga_air_quality_monitor_pm2_5_2,1.0,2026-01-16T09:51:00.857Z
sensor.alpstuga_air_quality_monitor_pm2_5_2,2.0,2026-01-16T09:53:29.504Z
sensor.alpstuga_air_quality_monitor_pm2_5_2,3.0,2026-01-16T09:57:56.854Z
sensor.alpstuga_air_quality_monitor_pm2_5_2,2.0,2026-01-16T09:58:16.594Z
sensor.alpstuga_air_quality_monitor_pm2_5_2,3.0,2026-01-16T09:58:36.406Z
sensor.alpstuga_air_quality_monitor_pm2_5_2,2.0,2026-01-16T09:59:06.073Z
sensor.alpstuga_air_quality_monitor_pm2_5_2,1.0,2026-01-16T10:02:24.154Z
sensor.alpstuga_air_quality_monitor_pm2_5_2,2.0,2026-01-16T10:03:03.771Z
sensor.alpstuga_air_quality_monitor_pm2_5_2,3.0,2026-01-16T10:04:13.059Z
sensor.alpstuga_air_quality_monitor_pm2_5_2,2.0,2026-01-16T10:04:42.824Z
sensor.alpstuga_air_quality_monitor_pm2_5_2,1.0,2026-01-16T10:09:00.374Z
sensor.alpstuga_air_quality_monitor_pm2_5_2,2.0,2026-01-16T10:09:20.210Z
sensor.alpstuga_air_quality_monitor_pm2_5_2,1.0,2026-01-16T10:12:58.052Z
sensor.alpstuga_air_quality_monitor_pm2_5_2,2.0,2026-01-16T10:13:37.719Z
sensor.alpstuga_air_quality_monitor_pm2_5_2,1.0,2026-01-16T10:13:47.616Z
sensor.alpstuga_air_quality_monitor_pm2_5_2,2.0,2026-01-16T10:17:05.643Z
sensor.alpstuga_air_quality_monitor_pm2_5_2,1.0,2026-01-16T10:21:52.936Z
sensor.alpstuga_air_quality_monitor_pm2_5_2,2.0,2026-01-16T10:28:58.909Z
sensor.alpstuga_air_quality_monitor_pm2_5_2,1.0,2026-01-16T10:31:07.622Z
sensor.alpstuga_air_quality_monitor_pm2_5_2,2.0,2026-01-16T10:39:32.795Z
sensor.alpstuga_air_quality_monitor_pm2_5_2,1.0,2026-01-16T10:40:22.241Z
sensor.alpstuga_air_quality_monitor_pm2_5_2,2.0,2026-01-16T10:51:06.070Z
sensor.alpstuga_air_quality_monitor_pm2_5_2,1.0,2026-01-16T10:53:04.865Z
sensor.alpstuga_air_quality_monitor_pm2_5_2,2.0,2026-01-16T11:01:11.856Z
sensor.alpstuga_air_quality_monitor_pm2_5_2,3.0,2026-01-16T11:08:06.079Z
sensor.alpstuga_air_quality_monitor_pm2_5_2,2.0,2026-01-16T11:12:23.755Z
sensor.alpstuga_air_quality_monitor_pm2_5_2,3.0,2026-01-16T11:12:53.446Z
sensor.alpstuga_air_quality_monitor_pm2_5_2,4.0,2026-01-16T11:13:23.130Z
sensor.alpstuga_air_quality_monitor_pm2_5_2,3.0,2026-01-16T11:13:52.864Z
sensor.alpstuga_air_quality_monitor_pm2_5_2,4.0,2026-01-16T11:14:22.664Z
sensor.alpstuga_air_quality_monitor_pm2_5_2,3.0,2026-01-16T11:16:01.600Z
sensor.alpstuga_air_quality_monitor_pm2_5_2,4.0,2026-01-16T11:18:10.373Z
sensor.alpstuga_air_quality_monitor_pm2_5_2,5.0,2026-01-16T11:18:49.965Z
sensor.alpstuga_air_quality_monitor_pm2_5_2,4.0,2026-01-16T11:18:59.750Z
sensor.alpstuga_air_quality_monitor_pm2_5_2,3.0,2026-01-16T11:21:28.378Z
sensor.alpstuga_air_quality_monitor_pm2_5_2,4.0,2026-01-16T11:22:17.906Z
sensor.alpstuga_air_quality_monitor_pm2_5_2,3.0,2026-01-16T11:23:17.243Z
sensor.alpstuga_air_quality_monitor_pm2_5_2,4.0,2026-01-16T11:23:37.089Z
sensor.alpstuga_air_quality_monitor_pm2_5_2,3.0,2026-01-16T11:23:46.992Z
sensor.alpstuga_air_quality_monitor_pm2_5_2,4.0,2026-01-16T11:23:56.954Z
sensor.alpstuga_air_quality_monitor_pm2_5_2,3.0,2026-01-16T11:28:34.389Z
sensor.alpstuga_air_quality_monitor_pm2_5_2,4.0,2026-01-16T11:29:03.943Z
sensor.alpstuga_air_quality_monitor_pm2_5_2,5.0,2026-01-16T11:29:23.945Z
sensor.alpstuga_air_quality_monitor_pm2_5_2,4.0,2026-01-16T11:30:23.391Z
sensor.alpstuga_air_quality_monitor_pm2_5_2,5.0,2026-01-16T11:30:33.255Z
sensor.alpstuga_air_quality_monitor_pm2_5_2,4.0,2026-01-16T11:31:22.659Z
sensor.alpstuga_air_quality_monitor_pm2_5_2,5.0,2026-01-16T11:31:52.395Z
sensor.alpstuga_air_quality_monitor_pm2_5_2,4.0,2026-01-16T11:33:31.392Z
sensor.alpstuga_air_quality_monitor_pm2_5_2,3.0,2026-01-16T11:34:30.899Z
sensor.alpstuga_air_quality_monitor_pm2_5_2,4.0,2026-01-16T11:34:50.720Z
sensor.alpstuga_air_quality_monitor_pm2_5_2,5.0,2026-01-16T11:35:30.327Z
sensor.alpstuga_air_quality_monitor_pm2_5_2,4.0,2026-01-16T11:36:59.489Z
sensor.alpstuga_air_quality_monitor_pm2_5_2,5.0,2026-01-16T11:37:48.885Z
sensor.alpstuga_air_quality_monitor_pm2_5_2,4.0,2026-01-16T11:38:28.590Z
sensor.alpstuga_air_quality_monitor_pm2_5_2,5.0,2026-01-16T11:39:08.259Z
sensor.alpstuga_air_quality_monitor_pm2_5_2,4.0,2026-01-16T11:39:28.045Z
sensor.alpstuga_air_quality_monitor_pm2_5_2,5.0,2026-01-16T11:39:57.616Z
sensor.alpstuga_air_quality_monitor_pm2_5_2,4.0,2026-01-16T11:40:07.574Z
sensor.alpstuga_air_quality_monitor_pm2_5_2,5.0,2026-01-16T11:40:57.143Z
sensor.alpstuga_air_quality_monitor_pm2_5_2,4.0,2026-01-16T11:43:25.715Z
sensor.alpstuga_air_quality_monitor_pm2_5_2,5.0,2026-01-16T11:44:15.249Z
sensor.alpstuga_air_quality_monitor_pm2_5_2,6.0,2026-01-16T11:45:04.662Z
sensor.alpstuga_air_quality_monitor_pm2_5_2,5.0,2026-01-16T11:46:14.096Z
sensor.alpstuga_air_quality_monitor_pm2_5_2,4.0,2026-01-16T11:46:53.595Z
sensor.alpstuga_air_quality_monitor_pm2_5_2,3.0,2026-01-16T11:47:13.458Z
sensor.alpstuga_air_quality_monitor_pm2_5_2,4.0,2026-01-16T11:47:43.196Z
sensor.alpstuga_air_quality_monitor_pm2_5_2,5.0,2026-01-16T11:48:03.039Z
sensor.alpstuga_air_quality_monitor_pm2_5_2,6.0,2026-01-16T11:49:22.218Z
sensor.alpstuga_air_quality_monitor_pm2_5_2,5.0,2026-01-16T11:49:42.048Z
sensor.alpstuga_air_quality_monitor_pm2_5_2,6.0,2026-01-16T11:50:11.829Z
sensor.alpstuga_air_quality_monitor_pm2_5_2,5.0,2026-01-16T11:51:01.212Z
sensor.alpstuga_air_quality_monitor_pm2_5_2,4.0,2026-01-16T11:51:21.085Z
sensor.alpstuga_air_quality_monitor_pm2_5_2,5.0,2026-01-16T11:51:50.802Z
sensor.alpstuga_air_quality_monitor_pm2_5_2,4.0,2026-01-16T11:55:08.868Z
sensor.alpstuga_air_quality_monitor_pm2_5_2,5.0,2026-01-16T11:57:07.803Z
sensor.alpstuga_air_quality_monitor_pm2_5_2,4.0,2026-01-16T11:57:37.347Z
sensor.alpstuga_air_quality_monitor_pm2_5_2,5.0,2026-01-16T11:58:17.031Z
sensor.alpstuga_air_quality_monitor_pm2_5_2,4.0,2026-01-16T11:58:46.777Z
sensor.alpstuga_air_quality_monitor_pm2_5_2,5.0,2026-01-16T12:00:05.900Z
sensor.alpstuga_air_quality_monitor_pm2_5_2,4.0,2026-01-16T12:00:25.768Z
sensor.alpstuga_air_quality_monitor_pm2_5_2,5.0,2026-01-16T12:03:33.966Z
sensor.alpstuga_air_quality_monitor_pm2_5_2,4.0,2026-01-16T12:04:13.578Z
sensor.alpstuga_air_quality_monitor_pm2_5_2,5.0,2026-01-16T12:05:03.218Z
sensor.alpstuga_air_quality_monitor_pm2_5_2,4.0,2026-01-16T12:06:52.039Z
sensor.alpstuga_air_quality_monitor_pm2_5_2,5.0,2026-01-16T12:07:11.920Z
sensor.alpstuga_air_quality_monitor_pm2_5_2,4.0,2026-01-16T12:07:51.604Z
sensor.alpstuga_air_quality_monitor_pm2_5_2,5.0,2026-01-16T12:09:00.814Z
sensor.alpstuga_air_quality_monitor_pm2_5_2,4.0,2026-01-16T12:09:10.774Z
sensor.alpstuga_air_quality_monitor_pm2_5_2,5.0,2026-01-16T12:09:30.607Z
sensor.alpstuga_air_quality_monitor_pm2_5_2,4.0,2026-01-16T12:09:50.448Z
sensor.alpstuga_air_quality_monitor_pm2_5_2,5.0,2026-01-16T12:14:37.637Z
sensor.alpstuga_air_quality_monitor_pm2_5_2,4.0,2026-01-16T12:15:17.170Z
sensor.alpstuga_air_quality_monitor_pm2_5_2,5.0,2026-01-16T12:16:46.393Z
sensor.alpstuga_air_quality_monitor_pm2_5_2,4.0,2026-01-16T12:18:05.613Z
sensor.alpstuga_air_quality_monitor_pm2_5_2,5.0,2026-01-16T12:19:15.008Z
sensor.alpstuga_air_quality_monitor_pm2_5_2,4.0,2026-01-16T12:20:14.385Z
sensor.alpstuga_air_quality_monitor_pm2_5_2,5.0,2026-01-16T12:23:32.357Z
sensor.alpstuga_air_quality_monitor_pm2_5_2,4.0,2026-01-16T12:25:01.520Z
sensor.alpstuga_air_quality_monitor_pm2_5_2,3.0,2026-01-16T12:27:30.201Z
sensor.alpstuga_air_quality_monitor_pm2_5_2,4.0,2026-01-16T12:27:40.084Z
sensor.alpstuga_air_quality_monitor_pm2_5_2,5.0,2026-01-16T12:28:29.590Z
sensor.alpstuga_air_quality_monitor_pm2_5_2,4.0,2026-01-16T12:29:38.932Z
sensor.alpstuga_air_quality_monitor_pm2_5_2,5.0,2026-01-16T12:30:28.331Z
sensor.alpstuga_air_quality_monitor_pm2_5_2,6.0,2026-01-16T12:32:07.522Z
sensor.alpstuga_air_quality_monitor_pm2_5_2,5.0,2026-01-16T12:32:17.391Z
sensor.alpstuga_air_quality_monitor_pm2_5_2,4.0,2026-01-16T12:32:47.046Z
sensor.alpstuga_air_quality_monitor_pm2_5_2,3.0,2026-01-16T12:33:16.832Z
sensor.alpstuga_air_quality_monitor_pm2_5_2,4.0,2026-01-16T12:33:26.730Z
sensor.alpstuga_air_quality_monitor_pm2_5_2,5.0,2026-01-16T12:35:55.302Z
sensor.alpstuga_air_quality_monitor_pm2_5_2,4.0,2026-01-16T12:36:15.122Z
sensor.alpstuga_air_quality_monitor_pm2_5_2,5.0,2026-01-16T12:36:25.012Z
sensor.alpstuga_air_quality_monitor_pm2_5_2,4.0,2026-01-16T12:36:44.697Z
sensor.alpstuga_air_quality_monitor_pm2_5_2,3.0,2026-01-16T12:38:04.028Z
sensor.alpstuga_air_quality_monitor_pm2_5_2,4.0,2026-01-16T12:38:23.934Z
sensor.alpstuga_air_quality_monitor_pm2_5_2,3.0,2026-01-16T12:39:43.073Z
sensor.alpstuga_air_quality_monitor_pm2_5_2,4.0,2026-01-16T12:40:42.506Z
sensor.alpstuga_air_quality_monitor_pm2_5_2,3.0,2026-01-16T12:45:59.314Z
sensor.alpstuga_air_quality_monitor_pm2_5_2,4.0,2026-01-16T12:46:09.276Z
sensor.alpstuga_air_quality_monitor_pm2_5_2,5.0,2026-01-16T12:48:37.894Z
sensor.alpstuga_air_quality_monitor_pm2_5_2,4.0,2026-01-16T12:48:57.737Z
sensor.alpstuga_air_quality_monitor_pm2_5_2,3.0,2026-01-16T12:49:27.425Z
sensor.alpstuga_air_quality_monitor_pm2_5_2,4.0,2026-01-16T12:49:37.312Z
sensor.alpstuga_air_quality_monitor_pm2_5_2,5.0,2026-01-16T12:50:46.622Z
sensor.alpstuga_air_quality_monitor_pm2_5_2,4.0,2026-01-16T12:50:56.535Z
sensor.alpstuga_air_quality_monitor_pm2_5_2,5.0,2026-01-16T12:53:25.081Z
sensor.alpstuga_air_quality_monitor_pm2_5_2,4.0,2026-01-16T12:54:04.744Z
sensor.alpstuga_air_quality_monitor_pm2_5_2,3.0,2026-01-16T12:55:33.904Z
sensor.alpstuga_air_quality_monitor_pm2_5_2,4.0,2026-01-16T12:56:03.657Z
sensor.alpstuga_air_quality_monitor_pm2_5_2,5.0,2026-01-16T12:58:12.389Z
sensor.alpstuga_air_quality_monitor_pm2_5_2,4.0,2026-01-16T12:59:31.609Z
sensor.alpstuga_air_quality_monitor_pm2_5_2,5.0,2026-01-16T13:00:31.062Z
sensor.alpstuga_air_quality_monitor_pm2_5_2,4.0,2026-01-16T13:00:50.845Z
sensor.alpstuga_air_quality_monitor_pm2_5_2,5.0,2026-01-16T13:02:59.632Z
sensor.alpstuga_air_quality_monitor_pm2_5_2,4.0,2026-01-16T13:03:19.432Z
sensor.alpstuga_air_quality_monitor_pm2_5_2,3.0,2026-01-16T13:05:57.804Z
sensor.alpstuga_air_quality_monitor_pm2_5_2,4.0,2026-01-16T13:06:07.701Z
sensor.alpstuga_air_quality_monitor_pm2_5_2,3.0,2026-01-16T13:06:17.567Z
sensor.alpstuga_air_quality_monitor_pm2_5_2,4.0,2026-01-16T13:07:07.227Z
sensor.alpstuga_air_quality_monitor_pm2_5_2,5.0,2026-01-16T13:13:23.557Z
sensor.alpstuga_air_quality_monitor_pm2_5_2,6.0,2026-01-16T13:13:43.384Z
sensor.alpstuga_air_quality_monitor_pm2_5_2,7.0,2026-01-16T13:14:03.036Z
sensor.alpstuga_air_quality_monitor_pm2_5_2,8.0,2026-01-16T13:14:12.983Z
sensor.alpstuga_air_quality_monitor_pm2_5_2,9.0,2026-01-16T13:14:22.911Z
sensor.alpstuga_air_quality_monitor_pm2_5_2,8.0,2026-01-16T13:14:32.831Z
sensor.alpstuga_air_quality_monitor_pm2_5_2,9.0,2026-01-16T13:14:52.646Z
sensor.alpstuga_air_quality_monitor_pm2_5_2,10.0,2026-01-16T13:15:42.203Z
sensor.alpstuga_air_quality_monitor_pm2_5_2,11.0,2026-01-16T13:15:52.098Z
sensor.alpstuga_air_quality_monitor_pm2_5_2,12.0,2026-01-16T13:16:21.824Z
sensor.alpstuga_air_quality_monitor_pm2_5_2,13.0,2026-01-16T13:17:01.419Z
sensor.alpstuga_air_quality_monitor_pm2_5_2,12.0,2026-01-16T13:17:50.933Z
sensor.alpstuga_air_quality_monitor_pm2_5_2,11.0,2026-01-16T13:18:20.638Z
sensor.alpstuga_air_quality_monitor_pm2_5_2,12.0,2026-01-16T13:19:10.199Z
sensor.alpstuga_air_quality_monitor_pm2_5_2,13.0,2026-01-16T13:19:20.099Z
sensor.alpstuga_air_quality_monitor_pm2_5_2,14.0,2026-01-16T13:19:39.897Z
sensor.alpstuga_air_quality_monitor_pm2_5_2,13.0,2026-01-16T13:19:59.680Z
sensor.alpstuga_air_quality_monitor_pm2_5_2,12.0,2026-01-16T13:20:09.544Z
sensor.alpstuga_air_quality_monitor_pm2_5_2,13.0,2026-01-16T13:20:29.425Z
sensor.alpstuga_air_quality_monitor_pm2_5_2,14.0,2026-01-16T13:20:39.276Z
sensor.alpstuga_air_quality_monitor_pm2_5_2,13.0,2026-01-16T13:20:49.180Z
sensor.alpstuga_air_quality_monitor_pm2_5_2,14.0,2026-01-16T13:20:59.098Z
sensor.alpstuga_air_quality_monitor_pm2_5_2,15.0,2026-01-16T13:21:08.906Z
sensor.alpstuga_air_quality_monitor_pm2_5_2,14.0,2026-01-16T13:21:18.822Z
sensor.alpstuga_air_quality_monitor_pm2_5_2,15.0,2026-01-16T13:21:28.761Z
sensor.alpstuga_air_quality_monitor_pm2_5_2,14.0,2026-01-16T13:21:58.457Z
sensor.alpstuga_air_quality_monitor_pm2_5_2,15.0,2026-01-16T13:22:08.402Z
sensor.alpstuga_air_quality_monitor_pm2_5_2,14.0,2026-01-16T13:22:37.968Z
sensor.alpstuga_air_quality_monitor_pm2_5_2,13.0,2026-01-16T13:22:47.866Z
sensor.alpstuga_air_quality_monitor_pm2_5_2,12.0,2026-01-16T13:24:27.027Z
sensor.alpstuga_air_quality_monitor_pm2_5_2,13.0,2026-01-16T13:25:06.600Z
sensor.alpstuga_air_quality_monitor_pm2_5_2,12.0,2026-01-16T13:25:46.240Z
sensor.alpstuga_air_quality_monitor_pm2_5_2,11.0,2026-01-16T13:26:06.076Z
sensor.alpstuga_air_quality_monitor_pm2_5_2,10.0,2026-01-16T13:26:35.781Z
sensor.alpstuga_air_quality_monitor_pm2_5_2,9.0,2026-01-16T13:26:55.436Z
sensor.alpstuga_air_quality_monitor_pm2_5_2,8.0,2026-01-16T13:27:45.079Z
sensor.alpstuga_air_quality_monitor_pm2_5_2,7.0,2026-01-16T13:28:14.803Z
sensor.alpstuga_air_quality_monitor_pm2_5_2,8.0,2026-01-16T13:28:24.704Z
sensor.alpstuga_air_quality_monitor_pm2_5_2,7.0,2026-01-16T13:28:44.494Z
sensor.alpstuga_air_quality_monitor_pm2_5_2,8.0,2026-01-16T13:29:14.137Z
sensor.alpstuga_air_quality_monitor_pm2_5_2,7.0,2026-01-16T13:29:24.043Z
sensor.alpstuga_air_quality_monitor_pm2_5_2,8.0,2026-01-16T13:29:33.950Z
sensor.alpstuga_air_quality_monitor_pm2_5_2,7.0,2026-01-16T13:30:53.247Z
sensor.alpstuga_air_quality_monitor_pm2_5_2,6.0,2026-01-16T13:31:32.814Z
sensor.alpstuga_air_quality_monitor_pm2_5_2,7.0,2026-01-16T13:31:42.744Z
sensor.alpstuga_air_quality_monitor_pm2_5_2,6.0,2026-01-16T13:32:02.570Z
sensor.alpstuga_air_quality_monitor_pm2_5_2,7.0,2026-01-16T13:36:39.930Z
sensor.alpstuga_air_quality_monitor_pm2_5_2,6.0,2026-01-16T13:36:49.806Z
sensor.alpstuga_air_quality_monitor_pm2_5_2,5.0,2026-01-16T13:37:29.432Z
sensor.alpstuga_air_quality_monitor_pm2_5_2,4.0,2026-01-16T13:38:08.992Z
sensor.alpstuga_air_quality_monitor_pm2_5_2,5.0,2026-01-16T13:38:48.651Z
sensor.alpstuga_air_quality_monitor_pm2_5_2,6.0,2026-01-16T13:41:27.160Z
sensor.alpstuga_air_quality_monitor_pm2_5_2,5.0,2026-01-16T13:41:56.831Z
sensor.alpstuga_air_quality_monitor_pm2_5_2,4.0,2026-01-16T13:42:46.367Z
sensor.alpstuga_air_quality_monitor_pm2_5_2,5.0,2026-01-16T13:43:16.170Z
sensor.alpstuga_air_quality_monitor_pm2_5_2,4.0,2026-01-16T13:44:15.518Z
sensor.alpstuga_air_quality_monitor_pm2_5_2,5.0,2026-01-16T13:44:25.474Z
sensor.alpstuga_air_quality_monitor_pm2_5_2,4.0,2026-01-16T13:44:45.252Z
sensor.alpstuga_air_quality_monitor_pm2_5_2,5.0,2026-01-16T13:46:14.337Z
sensor.alpstuga_air_quality_monitor_pm2_5_2,4.0,2026-01-16T13:46:44.111Z
sensor.alpstuga_air_quality_monitor_pm2_5_2,5.0,2026-01-16T13:47:03.877Z
sensor.alpstuga_air_quality_monitor_pm2_5_2,4.0,2026-01-16T13:48:23.124Z
sensor.alpstuga_air_quality_monitor_pm2_5_2,5.0,2026-01-16T13:49:42.364Z
sensor.alpstuga_air_quality_monitor_pm2_5_2,4.0,2026-01-16T13:53:10.340Z
sensor.alpstuga_air_quality_monitor_pm2_5_2,5.0,2026-01-16T13:54:19.581Z
sensor.alpstuga_air_quality_monitor_pm2_5_2,4.0,2026-01-16T13:56:48.166Z
sensor.alpstuga_air_quality_monitor_pm2_5_2,5.0,2026-01-16T13:57:17.984Z
sensor.alpstuga_air_quality_monitor_pm2_5_2,4.0,2026-01-16T13:57:37.809Z
sensor.alpstuga_air_quality_monitor_pm2_5_2,3.0,2026-01-16T13:59:26.716Z
sensor.alpstuga_air_quality_monitor_pm2_5_2,4.0,2026-01-16T13:59:46.542Z
sensor.alpstuga_air_quality_monitor_pm2_5_2,5.0,2026-01-16T14:00:26.169Z
sensor.alpstuga_air_quality_monitor_pm2_5_2,4.0,2026-01-16T14:00:45.856Z
sensor.alpstuga_air_quality_monitor_pm2_5_2,5.0,2026-01-16T14:00:55.755Z
sensor.alpstuga_air_quality_monitor_pm2_5_2,4.0,2026-01-16T14:01:55.274Z
sensor.alpstuga_air_quality_monitor_pm2_5_2,3.0,2026-01-16T14:03:44.189Z
sensor.alpstuga_air_quality_monitor_pm2_5_2,4.0,2026-01-16T14:04:04.002Z
sensor.alpstuga_air_quality_monitor_pm2_5_2,3.0,2026-01-16T14:05:33.177Z
sensor.alpstuga_air_quality_monitor_pm2_5_2,4.0,2026-01-16T14:06:12.889Z
sensor.alpstuga_air_quality_monitor_pm2_5_2,5.0,2026-01-16T14:08:11.709Z
sensor.alpstuga_air_quality_monitor_pm2_5_2,4.0,2026-01-16T14:09:01.248Z
sensor.alpstuga_air_quality_monitor_pm2_5_2,5.0,2026-01-16T14:09:11.206Z
sensor.alpstuga_air_quality_monitor_pm2_5_2,4.0,2026-01-16T14:10:20.434Z
sensor.alpstuga_air_quality_monitor_pm2_5_2,5.0,2026-01-16T14:11:49.498Z
sensor.alpstuga_air_quality_monitor_pm2_5_2,4.0,2026-01-16T14:14:08.226Z
sensor.alpstuga_air_quality_monitor_pm2_5_2,5.0,2026-01-16T14:14:57.801Z
sensor.alpstuga_air_quality_monitor_pm2_5_2,4.0,2026-01-16T14:15:47.335Z
sensor.alpstuga_air_quality_monitor_pm2_5_2,5.0,2026-01-16T14:16:16.958Z
sensor.alpstuga_air_quality_monitor_pm2_5_2,4.0,2026-01-16T14:16:56.608Z
sensor.alpstuga_air_quality_monitor_pm2_5_2,5.0,2026-01-16T14:17:36.131Z
sensor.alpstuga_air_quality_monitor_pm2_5_2,6.0,2026-01-16T14:17:55.982Z
sensor.alpstuga_air_quality_monitor_pm2_5_2,5.0,2026-01-16T14:18:55.511Z
sensor.alpstuga_air_quality_monitor_pm2_5_2,4.0,2026-01-16T14:19:35.154Z
sensor.alpstuga_air_quality_monitor_pm2_5_2,5.0,2026-01-16T14:21:04.291Z
sensor.alpstuga_air_quality_monitor_pm2_5_2,4.0,2026-01-16T14:22:43.399Z
sensor.alpstuga_air_quality_monitor_pm2_5_2,5.0,2026-01-16T14:23:13.118Z
sensor.alpstuga_air_quality_monitor_pm2_5_2,4.0,2026-01-16T14:24:12.616Z
sensor.alpstuga_air_quality_monitor_pm2_5_2,5.0,2026-01-16T14:27:10.810Z
sensor.alpstuga_air_quality_monitor_pm2_5_2,4.0,2026-01-16T14:31:08.592Z
sensor.alpstuga_air_quality_monitor_pm2_5_2,5.0,2026-01-16T14:31:48.094Z
sensor.alpstuga_air_quality_monitor_pm2_5_2,4.0,2026-01-16T14:31:58.011Z
sensor.alpstuga_air_quality_monitor_pm2_5_2,5.0,2026-01-16T14:32:07.972Z
sensor.alpstuga_air_quality_monitor_pm2_5_2,4.0,2026-01-16T14:33:37.142Z
sensor.alpstuga_air_quality_monitor_pm2_5_2,5.0,2026-01-16T14:33:47.034Z
sensor.alpstuga_air_quality_monitor_pm2_5_2,4.0,2026-01-16T14:35:16.232Z
sensor.alpstuga_air_quality_monitor_pm2_5_2,5.0,2026-01-16T14:35:45.889Z
sensor.alpstuga_air_quality_monitor_pm2_5_2,4.0,2026-01-16T14:37:05.038Z
sensor.alpstuga_air_quality_monitor_pm2_5_2,5.0,2026-01-16T14:37:34.781Z
sensor.alpstuga_air_quality_monitor_pm2_5_2,4.0,2026-01-16T14:37:54.546Z
sensor.alpstuga_air_quality_monitor_pm2_5_2,5.0,2026-01-16T14:39:13.804Z
sensor.alpstuga_air_quality_monitor_pm2_5_2,4.0,2026-01-16T14:40:03.165Z
sensor.alpstuga_air_quality_monitor_pm2_5_2,5.0,2026-01-16T14:42:41.813Z
sensor.alpstuga_air_quality_monitor_pm2_5_2,4.0,2026-01-16T14:43:31.343Z
sensor.alpstuga_air_quality_monitor_pm2_5_2,5.0,2026-01-16T14:43:41.242Z
sensor.alpstuga_air_quality_monitor_pm2_5_2,4.0,2026-01-16T14:45:40.113Z
sensor.alpstuga_air_quality_monitor_pm2_5_2,5.0,2026-01-16T14:47:58.760Z
sensor.alpstuga_air_quality_monitor_pm2_5_2,4.0,2026-01-16T14:48:48.195Z
sensor.alpstuga_air_quality_monitor_pm2_5_2,5.0,2026-01-16T14:50:47.140Z
sensor.alpstuga_air_quality_monitor_pm2_5_2,4.0,2026-01-16T14:51:06.877Z
sensor.alpstuga_air_quality_monitor_pm2_5_2,5.0,2026-01-16T14:51:26.749Z
sensor.alpstuga_air_quality_monitor_pm2_5_2,4.0,2026-01-16T14:52:16.301Z
sensor.alpstuga_air_quality_monitor_pm2_5_2,5.0,2026-01-16T14:53:25.638Z
sensor.alpstuga_air_quality_monitor_pm2_5_2,4.0,2026-01-16T14:53:35.462Z
sensor.alpstuga_air_quality_monitor_pm2_5_2,5.0,2026-01-16T14:54:25.017Z
sensor.alpstuga_air_quality_monitor_pm2_5_2,4.0,2026-01-16T14:56:13.864Z
sensor.alpstuga_air_quality_monitor_pm2_5_2,5.0,2026-01-16T14:58:32.573Z
sensor.alpstuga_air_quality_monitor_pm2_5_2,4.0,2026-01-16T14:59:22.095Z
sensor.alpstuga_air_quality_monitor_pm2_5_2,5.0,2026-01-16T15:02:40.173Z
sensor.alpstuga_air_quality_monitor_pm2_5_2,4.0,2026-01-16T15:05:48.352Z
sensor.alpstuga_air_quality_monitor_pm2_5_2,5.0,2026-01-16T15:07:37.325Z
sensor.alpstuga_air_quality_monitor_pm2_5_2,4.0,2026-01-16T15:07:57.113Z
sensor.alpstuga_air_quality_monitor_pm2_5_2,5.0,2026-01-16T15:09:16.361Z
sensor.alpstuga_air_quality_monitor_pm2_5_2,4.0,2026-01-16T15:10:15.818Z
sensor.alpstuga_air_quality_monitor_pm2_5_2,5.0,2026-01-16T15:12:04.721Z
sensor.alpstuga_air_quality_monitor_pm2_5_2,4.0,2026-01-16T15:14:43.192Z
sensor.alpstuga_air_quality_monitor_pm2_5_2,5.0,2026-01-16T15:16:32.172Z
sensor.alpstuga_air_quality_monitor_pm2_5_2,4.0,2026-01-16T15:16:42.082Z
sensor.alpstuga_air_quality_monitor_pm2_5_2,5.0,2026-01-16T15:20:39.897Z
sensor.alpstuga_air_quality_monitor_pm2_5_2,4.0,2026-01-16T15:23:57.867Z
sensor.alpstuga_air_quality_monitor_pm2_5_2,5.0,2026-01-16T15:25:56.703Z
sensor.alpstuga_air_quality_monitor_pm2_5_2,4.0,2026-01-16T15:26:06.658Z
sensor.alpstuga_air_quality_monitor_pm2_5_2,5.0,2026-01-16T15:27:55.645Z
sensor.alpstuga_air_quality_monitor_pm2_5_2,4.0,2026-01-16T15:30:53.832Z
sensor.alpstuga_air_quality_monitor_pm2_5_2,5.0,2026-01-16T15:31:13.640Z
sensor.alpstuga_air_quality_monitor_pm2_5_2,4.0,2026-01-16T15:36:10.823Z
sensor.alpstuga_air_quality_monitor_pm2_5_2,5.0,2026-01-16T15:36:40.516Z
sensor.alpstuga_air_quality_monitor_pm2_5_2,4.0,2026-01-16T15:37:49.843Z
sensor.alpstuga_air_quality_monitor_pm2_5_2,5.0,2026-01-16T15:38:49.321Z
sensor.alpstuga_air_quality_monitor_pm2_5_2,4.0,2026-01-16T15:39:18.985Z
sensor.alpstuga_air_quality_monitor_pm2_5_2,5.0,2026-01-16T15:39:28.872Z
sensor.alpstuga_air_quality_monitor_pm2_5_2,4.0,2026-01-16T15:40:58.088Z
sensor.alpstuga_air_quality_monitor_pm2_5_2,5.0,2026-01-16T15:41:37.676Z
sensor.alpstuga_air_quality_monitor_pm2_5_2,4.0,2026-01-16T15:46:54.653Z
sensor.alpstuga_air_quality_monitor_pm2_5_2,5.0,2026-01-16T15:47:24.416Z
sensor.alpstuga_air_quality_monitor_pm2_5_2,6.0,2026-01-16T15:47:54.088Z
sensor.alpstuga_air_quality_monitor_pm2_5_2,5.0,2026-01-16T15:48:33.670Z
sensor.alpstuga_air_quality_monitor_pm2_5_2,6.0,2026-01-16T15:50:22.580Z
sensor.alpstuga_air_quality_monitor_pm2_5_2,5.0,2026-01-16T15:50:32.508Z
sensor.alpstuga_air_quality_monitor_pm2_5_2,4.0,2026-01-16T15:56:19.111Z
sensor.alpstuga_air_quality_monitor_pm2_5_2,5.0,2026-01-16T15:56:58.768Z
sensor.alpstuga_air_quality_monitor_pm2_5_2,4.0,2026-01-16T15:58:08.054Z
sensor.alpstuga_air_quality_monitor_pm2_5_2,5.0,2026-01-16T15:58:47.733Z
sensor.alpstuga_air_quality_monitor_pm2_5_2,6.0,2026-01-16T16:00:16.914Z
sensor.alpstuga_air_quality_monitor_pm2_5_2,5.0,2026-01-16T16:00:56.452Z
sensor.alpstuga_air_quality_monitor_pm2_5_2,6.0,2026-01-16T16:02:25.690Z
sensor.alpstuga_air_quality_monitor_pm2_5_2,5.0,2026-01-16T16:03:15.195Z
sensor.alpstuga_air_quality_monitor_pm2_5_2,4.0,2026-01-16T16:04:04.731Z
sensor.alpstuga_air_quality_monitor_pm2_5_2,5.0,2026-01-16T16:04:14.686Z
sensor.alpstuga_air_quality_monitor_pm2_5_2,4.0,2026-01-16T16:04:44.229Z
sensor.alpstuga_air_quality_monitor_pm2_5_2,5.0,2026-01-16T16:05:04.053Z
sensor.alpstuga_air_quality_monitor_pm2_5_2,4.0,2026-01-16T16:07:32.704Z
sensor.alpstuga_air_quality_monitor_pm2_5_2,5.0,2026-01-16T16:08:42.024Z
sensor.alpstuga_air_quality_monitor_pm2_5_2,4.0,2026-01-16T16:11:40.298Z
sensor.alpstuga_air_quality_monitor_pm2_5_2,5.0,2026-01-16T16:12:00.121Z
sensor.alpstuga_air_quality_monitor_pm2_5_2,6.0,2026-01-16T16:12:29.853Z
sensor.alpstuga_air_quality_monitor_pm2_5_2,5.0,2026-01-16T16:12:49.651Z
sensor.alpstuga_air_quality_monitor_pm2_5_2,6.0,2026-01-16T16:14:38.439Z
sensor.alpstuga_air_quality_monitor_pm2_5_2,5.0,2026-01-16T16:15:08.232Z
sensor.alpstuga_air_quality_monitor_pm2_5_2,6.0,2026-01-16T16:18:16.388Z
sensor.alpstuga_air_quality_monitor_pm2_5_2,5.0,2026-01-16T16:19:05.906Z
sensor.alpstuga_air_quality_monitor_pm2_5_2,4.0,2026-01-16T16:19:35.662Z
sensor.alpstuga_air_quality_monitor_pm2_5_2,5.0,2026-01-16T16:20:05.344Z
sensor.alpstuga_air_quality_monitor_pm2_5_2,4.0,2026-01-16T16:21:34.500Z
sensor.alpstuga_air_quality_monitor_pm2_5_2,5.0,2026-01-16T16:22:33.892Z
sensor.alpstuga_air_quality_monitor_pm2_5_2,4.0,2026-01-16T16:24:42.649Z
sensor.alpstuga_air_quality_monitor_pm2_5_2,5.0,2026-01-16T16:26:41.527Z
sensor.alpstuga_air_quality_monitor_pm2_5_2,4.0,2026-01-16T16:26:51.379Z
sensor.alpstuga_air_quality_monitor_pm2_5_2,5.0,2026-01-16T16:27:11.132Z
sensor.alpstuga_air_quality_monitor_pm2_5_2,4.0,2026-01-16T16:31:18.752Z
sensor.alpstuga_air_quality_monitor_pm2_5_2,5.0,2026-01-16T16:31:28.653Z
sensor.alpstuga_air_quality_monitor_pm2_5_2,4.0,2026-01-16T16:31:48.436Z
sensor.alpstuga_air_quality_monitor_pm2_5_2,5.0,2026-01-16T16:32:47.963Z
sensor.alpstuga_air_quality_monitor_pm2_5_2,6.0,2026-01-16T16:34:46.680Z
sensor.alpstuga_air_quality_monitor_pm2_5_2,5.0,2026-01-16T16:35:06.559Z
sensor.alpstuga_air_quality_monitor_pm2_5_2,6.0,2026-01-16T16:37:54.952Z
sensor.alpstuga_air_quality_monitor_pm2_5_2,5.0,2026-01-16T16:39:24.071Z
sensor.alpstuga_air_quality_monitor_pm2_5_2,4.0,2026-01-16T16:39:53.807Z
sensor.alpstuga_air_quality_monitor_pm2_5_2,5.0,2026-01-16T16:40:03.806Z
sensor.alpstuga_air_quality_monitor_pm2_5_2,4.0,2026-01-16T16:42:52.091Z
sensor.alpstuga_air_quality_monitor_pm2_5_2,5.0,2026-01-16T16:43:31.643Z
sensor.alpstuga_air_quality_monitor_pm2_5_2,6.0,2026-01-16T16:45:40.450Z
sensor.alpstuga_air_quality_monitor_pm2_5_2,5.0,2026-01-16T16:46:20.111Z
sensor.alpstuga_air_quality_monitor_pm2_5_2,6.0,2026-01-16T16:47:09.531Z
sensor.alpstuga_air_quality_monitor_pm2_5_2,5.0,2026-01-16T16:47:39.291Z
sensor.alpstuga_air_quality_monitor_pm2_5_2,4.0,2026-01-16T16:48:58.531Z
sensor.alpstuga_air_quality_monitor_pm2_5_2,5.0,2026-01-16T16:49:28.241Z
sensor.alpstuga_air_quality_monitor_pm2_5_2,6.0,2026-01-16T16:51:17.232Z
sensor.alpstuga_air_quality_monitor_pm2_5_2,5.0,2026-01-16T16:51:46.883Z
sensor.alpstuga_air_quality_monitor_pm2_5_2,4.0,2026-01-16T16:55:14.866Z
sensor.alpstuga_air_quality_monitor_pm2_5_2,5.0,2026-01-16T16:55:44.588Z
sensor.alpstuga_air_quality_monitor_pm2_5_2,4.0,2026-01-16T16:56:04.378Z
sensor.alpstuga_air_quality_monitor_pm2_5_2,5.0,2026-01-16T16:56:14.318Z
sensor.alpstuga_air_quality_monitor_pm2_5_2,6.0,2026-01-16T16:57:53.309Z
sensor.alpstuga_air_quality_monitor_pm2_5_2,5.0,2026-01-16T16:58:42.928Z
sensor.alpstuga_air_quality_monitor_pm2_5_2,6.0,2026-01-16T16:58:52.807Z
sensor.alpstuga_air_quality_monitor_pm2_5_2,5.0,2026-01-16T17:00:51.668Z
sensor.alpstuga_air_quality_monitor_pm2_5_2,6.0,2026-01-16T17:01:01.544Z
sensor.alpstuga_air_quality_monitor_pm2_5_2,5.0,2026-01-16T17:01:41.080Z
sensor.alpstuga_air_quality_monitor_pm2_5_2,4.0,2026-01-16T17:02:10.871Z
sensor.alpstuga_air_quality_monitor_pm2_5_2,5.0,2026-01-16T17:02:30.749Z
sensor.alpstuga_air_quality_monitor_pm2_5_2,6.0,2026-01-16T17:04:29.527Z
sensor.alpstuga_air_quality_monitor_pm2_5_2,5.0,2026-01-16T17:05:09.202Z
sensor.alpstuga_air_quality_monitor_pm2_5_2,6.0,2026-01-16T17:06:18.509Z
sensor.alpstuga_air_quality_monitor_pm2_5_2,5.0,2026-01-16T17:06:58.091Z
sensor.alpstuga_air_quality_monitor_pm2_5_2,6.0,2026-01-16T17:10:16.192Z
sensor.alpstuga_air_quality_monitor_pm2_5_2,5.0,2026-01-16T17:11:45.327Z
sensor.alpstuga_air_quality_monitor_pm2_5_2,6.0,2026-01-16T17:12:24.856Z
sensor.alpstuga_air_quality_monitor_pm2_5_2,5.0,2026-01-16T17:13:24.393Z
sensor.alpstuga_air_quality_monitor_pm2_5_2,6.0,2026-01-16T17:14:43.546Z
sensor.alpstuga_air_quality_monitor_pm2_5_2,5.0,2026-01-16T17:14:53.347Z
sensor.alpstuga_air_quality_monitor_pm2_5_2,6.0,2026-01-16T17:15:42.971Z
sensor.alpstuga_air_quality_monitor_pm2_5_2,5.0,2026-01-16T17:16:02.768Z
sensor.alpstuga_air_quality_monitor_pm2_5_2,6.0,2026-01-16T17:19:50.563Z
sensor.alpstuga_air_quality_monitor_pm2_5_2,5.0,2026-01-16T17:20:20.307Z
sensor.alpstuga_air_quality_monitor_pm2_5_2,4.0,2026-01-16T17:21:39.483Z
sensor.alpstuga_air_quality_monitor_pm2_5_2,5.0,2026-01-16T17:21:49.442Z
sensor.alpstuga_air_quality_monitor_pm2_5_2,4.0,2026-01-16T17:22:29.066Z
sensor.alpstuga_air_quality_monitor_pm2_5_2,5.0,2026-01-16T17:22:38.960Z
sensor.alpstuga_air_quality_monitor_pm2_5_2,4.0,2026-01-16T17:26:26.703Z
sensor.alpstuga_air_quality_monitor_pm2_5_2,5.0,2026-01-16T17:26:36.623Z
sensor.alpstuga_air_quality_monitor_pm2_5_2,4.0,2026-01-16T17:28:05.713Z
sensor.alpstuga_air_quality_monitor_pm2_5_2,5.0,2026-01-16T17:29:05.270Z
sensor.alpstuga_air_quality_monitor_pm2_5_2,4.0,2026-01-16T17:29:34.974Z
sensor.alpstuga_air_quality_monitor_pm2_5_2,5.0,2026-01-16T17:30:34.340Z
sensor.alpstuga_air_quality_monitor_pm2_5_2,4.0,2026-01-16T17:31:43.700Z
sensor.alpstuga_air_quality_monitor_pm2_5_2,5.0,2026-01-16T17:32:43.175Z
sensor.alpstuga_air_quality_monitor_pm2_5_2,4.0,2026-01-16T17:33:12.933Z
sensor.alpstuga_air_quality_monitor_pm2_5_2,5.0,2026-01-16T17:33:32.717Z
sensor.alpstuga_air_quality_monitor_pm2_5_2,4.0,2026-01-16T17:36:01.382Z
sensor.alpstuga_air_quality_monitor_pm2_5_2,5.0,2026-01-16T17:36:11.314Z
sensor.alpstuga_air_quality_monitor_pm2_5_2,4.0,2026-01-16T17:36:50.964Z
sensor.alpstuga_air_quality_monitor_pm2_5_2,5.0,2026-01-16T17:37:00.829Z
sensor.alpstuga_air_quality_monitor_pm2_5_2,4.0,2026-01-16T17:38:20.090Z
sensor.alpstuga_air_quality_monitor_pm2_5_2,5.0,2026-01-16T17:41:47.951Z
sensor.alpstuga_air_quality_monitor_pm2_5_2,4.0,2026-01-16T17:42:57.390Z
sensor.alpstuga_air_quality_monitor_pm2_5_2,5.0,2026-01-16T17:43:17.264Z
sensor.alpstuga_air_quality_monitor_pm2_5_2,4.0,2026-01-16T17:43:36.993Z
sensor.alpstuga_air_quality_monitor_pm2_5_2,5.0,2026-01-16T17:43:56.754Z
sensor.alpstuga_air_quality_monitor_pm2_5_2,4.0,2026-01-16T17:44:26.499Z
sensor.alpstuga_air_quality_monitor_pm2_5_2,3.0,2026-01-16T17:44:56.232Z
sensor.alpstuga_air_quality_monitor_pm2_5_2,4.0,2026-01-16T17:45:35.870Z
sensor.alpstuga_air_quality_monitor_pm2_5_2,5.0,2026-01-16T17:46:05.470Z
sensor.alpstuga_air_quality_monitor_pm2_5_2,4.0,2026-01-16T17:47:24.829Z
sensor.alpstuga_air_quality_monitor_pm2_5_2,3.0,2026-01-16T17:48:14.265Z
sensor.alpstuga_air_quality_monitor_pm2_5_2,4.0,2026-01-16T17:48:53.933Z
sensor.alpstuga_air_quality_monitor_pm2_5_2,5.0,2026-01-16T17:49:03.851Z
sensor.alpstuga_air_quality_monitor_pm2_5_2,4.0,2026-01-16T17:51:12.631Z
sensor.alpstuga_air_quality_monitor_pm2_5_2,5.0,2026-01-16T17:54:30.636Z
sensor.alpstuga_air_quality_monitor_pm2_5_2,4.0,2026-01-16T17:54:50.454Z
sensor.alpstuga_air_quality_monitor_pm2_5_2,5.0,2026-01-16T17:59:17.833Z
sensor.alpstuga_air_quality_monitor_pm2_5_2,4.0,2026-01-16T17:59:47.419Z
sensor.alpstuga_air_quality_monitor_pm2_5_2,5.0,2026-01-16T18:02:55.738Z
sensor.alpstuga_air_quality_monitor_pm2_5_2,4.0,2026-01-16T18:03:05.640Z
sensor.alpstuga_air_quality_monitor_pm2_5_2,5.0,2026-01-16T18:08:52.231Z
sensor.alpstuga_air_quality_monitor_pm2_5_2,4.0,2026-01-16T18:09:51.580Z
sensor.alpstuga_air_quality_monitor_pm2_5_2,5.0,2026-01-16T18:10:51.120Z
sensor.alpstuga_air_quality_monitor_pm2_5_2,6.0,2026-01-16T18:12:00.368Z
sensor.alpstuga_air_quality_monitor_pm2_5_2,5.0,2026-01-16T18:12:30.157Z
sensor.alpstuga_air_quality_monitor_pm2_5_2,4.0,2026-01-16T18:13:19.697Z
sensor.alpstuga_air_quality_monitor_pm2_5_2,5.0,2026-01-16T18:13:39.374Z
sensor.alpstuga_air_quality_monitor_pm2_5_2,4.0,2026-01-16T18:15:38.331Z
sensor.alpstuga_air_quality_monitor_pm2_5_2,5.0,2026-01-16T18:15:58.055Z
sensor.alpstuga_air_quality_monitor_pm2_5_2,4.0,2026-01-16T18:16:08.003Z
sensor.alpstuga_air_quality_monitor_pm2_5_2,5.0,2026-01-16T18:17:37.195Z
sensor.alpstuga_air_quality_monitor_pm2_5_2,4.0,2026-01-16T18:18:16.705Z
sensor.alpstuga_air_quality_monitor_pm2_5_2,5.0,2026-01-16T18:20:45.278Z
sensor.alpstuga_air_quality_monitor_pm2_5_2,4.0,2026-01-16T18:21:05.125Z
sensor.alpstuga_air_quality_monitor_pm2_5_2,5.0,2026-01-16T18:21:25.014Z
sensor.alpstuga_air_quality_monitor_pm2_5_2,4.0,2026-01-16T18:23:23.818Z
sensor.alpstuga_air_quality_monitor_pm2_5_2,5.0,2026-01-16T18:26:32.026Z
sensor.alpstuga_air_quality_monitor_pm2_5_2,6.0,2026-01-16T18:27:01.654Z
sensor.alpstuga_air_quality_monitor_pm2_5_2,5.0,2026-01-16T18:27:21.494Z
sensor.alpstuga_air_quality_monitor_pm2_5_2,4.0,2026-01-16T18:27:51.257Z
sensor.alpstuga_air_quality_monitor_pm2_5_2,3.0,2026-01-16T18:29:10.415Z
sensor.alpstuga_air_quality_monitor_pm2_5_2,4.0,2026-01-16T18:29:40.146Z
sensor.alpstuga_air_quality_monitor_pm2_5_2,5.0,2026-01-16T18:30:39.596Z
sensor.alpstuga_air_quality_monitor_pm2_5_2,4.0,2026-01-16T18:31:19.160Z
sensor.alpstuga_air_quality_monitor_pm2_5_2,3.0,2026-01-16T18:31:48.868Z
sensor.alpstuga_air_quality_monitor_pm2_5_2,4.0,2026-01-16T18:31:58.766Z
sensor.alpstuga_air_quality_monitor_pm2_5_2,3.0,2026-01-16T18:32:08.714Z
sensor.alpstuga_air_quality_monitor_pm2_5_2,4.0,2026-01-16T18:32:48.226Z
sensor.alpstuga_air_quality_monitor_pm2_5_2,5.0,2026-01-16T18:34:47.031Z
sensor.alpstuga_air_quality_monitor_pm2_5_2,4.0,2026-01-16T18:34:57.115Z
sensor.alpstuga_air_quality_monitor_pm2_5_2,5.0,2026-01-16T18:36:55.828Z
sensor.alpstuga_air_quality_monitor_pm2_5_2,4.0,2026-01-16T18:37:25.604Z
sensor.alpstuga_air_quality_monitor_pm2_5_2,5.0,2026-01-16T18:38:25.119Z
sensor.alpstuga_air_quality_monitor_pm2_5_2,4.0,2026-01-16T18:39:14.515Z
sensor.alpstuga_air_quality_monitor_pm2_5_2,5.0,2026-01-16T18:40:53.667Z
sensor.alpstuga_air_quality_monitor_pm2_5_2,4.0,2026-01-16T18:41:03.604Z
sensor.alpstuga_air_quality_monitor_pm2_5_2,5.0,2026-01-16T18:41:23.435Z
sensor.alpstuga_air_quality_monitor_pm2_5_2,4.0,2026-01-16T18:42:03.041Z
sensor.alpstuga_air_quality_monitor_pm2_5_2,5.0,2026-01-16T18:42:12.970Z
sensor.alpstuga_air_quality_monitor_pm2_5_2,4.0,2026-01-16T18:42:32.752Z
sensor.alpstuga_air_quality_monitor_pm2_5_2,5.0,2026-01-16T18:44:21.724Z
sensor.alpstuga_air_quality_monitor_pm2_5_2,4.0,2026-01-16T18:45:40.957Z
sensor.alpstuga_air_quality_monitor_pm2_5_2,5.0,2026-01-16T18:46:50.619Z
sensor.alpstuga_air_quality_monitor_pm2_5_2,4.0,2026-01-16T18:47:00.127Z
sensor.alpstuga_air_quality_monitor_pm2_5_2,3.0,2026-01-16T18:48:39.091Z
sensor.alpstuga_air_quality_monitor_pm2_5_2,4.0,2026-01-16T18:49:08.867Z
sensor.alpstuga_air_quality_monitor_pm2_5_2,5.0,2026-01-16T18:50:57.719Z
sensor.alpstuga_air_quality_monitor_pm2_5_2,4.0,2026-01-16T18:52:26.991Z
sensor.alpstuga_air_quality_monitor_pm2_5_2,5.0,2026-01-16T18:52:36.879Z
sensor.alpstuga_air_quality_monitor_pm2_5_2,4.0,2026-01-16T18:53:36.303Z
sensor.alpstuga_air_quality_monitor_pm2_5_2,5.0,2026-01-16T18:54:25.868Z
sensor.alpstuga_air_quality_monitor_pm2_5_2,4.0,2026-01-16T18:55:35.086Z
sensor.alpstuga_air_quality_monitor_pm2_5_2,3.0,2026-01-16T18:57:43.887Z
sensor.alpstuga_air_quality_monitor_pm2_5_2,4.0,2026-01-16T18:58:23.532Z
sensor.alpstuga_air_quality_monitor_pm2_5_2,3.0,2026-01-16T19:00:32.282Z
sensor.alpstuga_air_quality_monitor_pm2_5_2,4.0,2026-01-16T19:01:21.766Z
sensor.alpstuga_air_quality_monitor_pm2_5_2,3.0,2026-01-16T19:04:00.232Z
sensor.alpstuga_air_quality_monitor_pm2_5_2,4.0,2026-01-16T19:04:59.781Z
sensor.alpstuga_air_quality_monitor_pm2_5_2,5.0,2026-01-16T19:05:19.607Z
sensor.alpstuga_air_quality_monitor_pm2_5_2,4.0,2026-01-16T19:05:59.050Z
sensor.alpstuga_air_quality_monitor_pm2_5_2,5.0,2026-01-16T19:07:38.224Z
sensor.alpstuga_air_quality_monitor_pm2_5_2,4.0,2026-01-16T19:07:57.993Z
sensor.alpstuga_air_quality_monitor_pm2_5_2,5.0,2026-01-16T19:09:07.375Z
sensor.alpstuga_air_quality_monitor_pm2_5_2,4.0,2026-01-16T19:10:06.861Z
sensor.alpstuga_air_quality_monitor_pm2_5_2,5.0,2026-01-16T19:11:06.199Z
sensor.alpstuga_air_quality_monitor_pm2_5_2,4.0,2026-01-16T19:11:26.029Z
sensor.alpstuga_air_quality_monitor_pm2_5_2,3.0,2026-01-16T19:12:05.677Z
sensor.alpstuga_air_quality_monitor_pm2_5_2,4.0,2026-01-16T19:12:45.296Z
sensor.alpstuga_air_quality_monitor_pm2_5_2,3.0,2026-01-16T19:17:22.573Z
sensor.alpstuga_air_quality_monitor_pm2_5_2,4.0,2026-01-16T19:17:42.402Z
sensor.alpstuga_air_quality_monitor_pm2_5_2,5.0,2026-01-16T19:20:30.783Z
sensor.alpstuga_air_quality_monitor_pm2_5_2,4.0,2026-01-16T19:21:00.503Z
sensor.alpstuga_air_quality_monitor_pm2_5_2,3.0,2026-01-16T19:22:00.028Z
sensor.alpstuga_air_quality_monitor_pm2_5_2,4.0,2026-01-16T19:22:19.834Z
sensor.alpstuga_air_quality_monitor_pm2_5_2,3.0,2026-01-16T19:22:29.743Z
sensor.alpstuga_air_quality_monitor_pm2_5_2,4.0,2026-01-16T19:23:29.095Z
sensor.alpstuga_air_quality_monitor_pm2_5_2,5.0,2026-01-16T19:26:37.219Z
sensor.alpstuga_air_quality_monitor_pm2_5_2,4.0,2026-01-16T19:27:06.989Z
sensor.alpstuga_air_quality_monitor_pm2_5_2,3.0,2026-01-16T19:29:05.798Z
sensor.alpstuga_air_quality_monitor_pm2_5_2,4.0,2026-01-16T19:29:25.651Z
sensor.alpstuga_air_quality_monitor_pm2_5_2,3.0,2026-01-16T19:32:04.153Z
sensor.alpstuga_air_quality_monitor_pm2_5_2,4.0,2026-01-16T19:33:33.255Z
sensor.alpstuga_air_quality_monitor_pm2_5_2,3.0,2026-01-16T19:33:43.165Z
sensor.alpstuga_air_quality_monitor_pm2_5_2,4.0,2026-01-16T19:35:12.248Z
sensor.alpstuga_air_quality_monitor_pm2_5_2,3.0,2026-01-16T19:36:01.819Z
sensor.alpstuga_air_quality_monitor_pm2_5_2,4.0,2026-01-16T19:37:01.239Z
sensor.alpstuga_air_quality_monitor_pm2_5_2,3.0,2026-01-16T19:37:40.904Z
sensor.alpstuga_air_quality_monitor_pm2_5_2,4.0,2026-01-16T19:38:40.297Z
sensor.alpstuga_air_quality_monitor_pm2_5_2,5.0,2026-01-16T19:39:49.660Z
sensor.alpstuga_air_quality_monitor_pm2_5_2,4.0,2026-01-16T19:40:09.490Z
sensor.alpstuga_air_quality_monitor_pm2_5_2,3.0,2026-01-16T19:42:37.907Z
sensor.alpstuga_air_quality_monitor_pm2_5_2,4.0,2026-01-16T19:44:36.833Z
sensor.alpstuga_air_quality_monitor_pm2_5_2,3.0,2026-01-16T19:45:36.229Z
sensor.alpstuga_air_quality_monitor_pm2_5_2,4.0,2026-01-16T19:46:45.603Z
sensor.alpstuga_air_quality_monitor_pm2_5_2,3.0,2026-01-16T19:46:55.492Z
sensor.alpstuga_air_quality_monitor_pm2_5_2,4.0,2026-01-16T19:47:15.248Z
sensor.alpstuga_air_quality_monitor_pm2_5_2,3.0,2026-01-16T19:47:25.187Z
sensor.alpstuga_air_quality_monitor_pm2_5_2,4.0,2026-01-16T19:47:44.992Z
sensor.alpstuga_air_quality_monitor_pm2_5_2,3.0,2026-01-16T19:48:04.815Z
sensor.alpstuga_air_quality_monitor_pm2_5_2,4.0,2026-01-16T19:48:14.785Z
sensor.alpstuga_air_quality_monitor_pm2_5_2,3.0,2026-01-16T19:49:14.161Z
sensor.alpstuga_air_quality_monitor_pm2_5_2,2.0,2026-01-16T19:49:43.962Z
sensor.alpstuga_air_quality_monitor_pm2_5_2,3.0,2026-01-16T19:49:53.847Z
sensor.alpstuga_air_quality_monitor_pm2_5_2,4.0,2026-01-16T19:50:53.290Z
sensor.alpstuga_air_quality_monitor_pm2_5_2,3.0,2026-01-16T19:51:42.816Z
sensor.alpstuga_air_quality_monitor_pm2_5_2,4.0,2026-01-16T19:56:29.941Z
sensor.alpstuga_air_quality_monitor_pm2_5_2,3.0,2026-01-16T19:56:39.868Z
sensor.alpstuga_air_quality_monitor_pm2_5_2,4.0,2026-01-16T19:57:19.547Z
sensor.alpstuga_air_quality_monitor_pm2_5_2,3.0,2026-01-16T19:59:08.465Z
sensor.alpstuga_air_quality_monitor_pm2_5_2,4.0,2026-01-16T20:00:17.881Z
sensor.alpstuga_air_quality_monitor_pm2_5_2,3.0,2026-01-16T20:01:37.114Z
sensor.alpstuga_air_quality_monitor_pm2_5_2,4.0,2026-01-16T20:02:36.549Z
sensor.alpstuga_air_quality_monitor_pm2_5_2,3.0,2026-01-16T20:02:46.469Z
sensor.alpstuga_air_quality_monitor_pm2_5_2,4.0,2026-01-16T20:03:55.826Z
sensor.alpstuga_air_quality_monitor_pm2_5_2,3.0,2026-01-16T20:04:25.660Z
sensor.alpstuga_air_quality_monitor_pm2_5_2,4.0,2026-01-16T20:05:44.876Z
sensor.alpstuga_air_quality_monitor_pm2_5_2,3.0,2026-01-16T20:06:34.361Z
sensor.alpstuga_air_quality_monitor_pm2_5_2,4.0,2026-01-16T20:07:53.620Z
sensor.alpstuga_air_quality_monitor_pm2_5_2,3.0,2026-01-16T20:09:02.920Z
sensor.alpstuga_air_quality_monitor_pm2_5_2,4.0,2026-01-16T20:12:01.226Z
sensor.alpstuga_air_quality_monitor_pm2_5_2,3.0,2026-01-16T20:12:21.046Z
sensor.alpstuga_air_quality_monitor_pm2_5_2,4.0,2026-01-16T20:13:30.330Z
sensor.alpstuga_air_quality_monitor_pm2_5_2,3.0,2026-01-16T20:13:40.240Z
sensor.alpstuga_air_quality_monitor_pm2_5_2,4.0,2026-01-16T20:14:19.897Z
sensor.alpstuga_air_quality_monitor_pm2_5_2,3.0,2026-01-16T20:15:29.020Z
sensor.alpstuga_air_quality_monitor_pm2_5_2,4.0,2026-01-16T20:15:48.882Z
sensor.alpstuga_air_quality_monitor_pm2_5_2,3.0,2026-01-16T20:16:18.620Z
sensor.alpstuga_air_quality_monitor_pm2_5_2,4.0,2026-01-16T20:18:17.497Z
sensor.alpstuga_air_quality_monitor_pm2_5_2,3.0,2026-01-16T20:20:26.200Z
sensor.alpstuga_air_quality_monitor_pm2_5_2,4.0,2026-01-16T20:21:35.562Z
sensor.alpstuga_air_quality_monitor_pm2_5_2,3.0,2026-01-16T20:22:05.180Z
sensor.alpstuga_air_quality_monitor_pm2_5_2,4.0,2026-01-16T20:22:25.063Z
sensor.alpstuga_air_quality_monitor_pm2_5_2,3.0,2026-01-16T20:22:54.811Z
sensor.alpstuga_air_quality_monitor_pm2_5_2,4.0,2026-01-16T20:23:14.699Z
sensor.alpstuga_air_quality_monitor_pm2_5_2,3.0,2026-01-16T20:24:13.940Z
sensor.alpstuga_air_quality_monitor_pm2_5_2,4.0,2026-01-16T20:25:33.245Z
sensor.alpstuga_air_quality_monitor_pm2_5_2,3.0,2026-01-16T20:26:02.815Z
sensor.alpstuga_air_quality_monitor_pm2_5_2,4.0,2026-01-16T20:26:12.783Z
sensor.alpstuga_air_quality_monitor_pm2_5_2,3.0,2026-01-16T20:26:32.648Z
sensor.alpstuga_air_quality_monitor_pm2_5_2,4.0,2026-01-16T20:29:01.251Z
sensor.alpstuga_air_quality_monitor_pm2_5_2,3.0,2026-01-16T20:29:11.263Z
sensor.alpstuga_air_quality_monitor_pm2_5_2,4.0,2026-01-16T20:30:20.581Z
sensor.alpstuga_air_quality_monitor_pm2_5_2,3.0,2026-01-16T20:30:40.352Z
sensor.alpstuga_air_quality_monitor_pm2_5_2,4.0,2026-01-16T20:31:39.759Z
sensor.alpstuga_air_quality_monitor_pm2_5_2,3.0,2026-01-16T20:33:48.507Z
sensor.alpstuga_air_quality_monitor_pm2_5_2,4.0,2026-01-16T20:35:17.603Z
sensor.alpstuga_air_quality_monitor_pm2_5_2,3.0,2026-01-16T20:35:37.431Z
sensor.alpstuga_air_quality_monitor_pm2_5_2,4.0,2026-01-16T20:36:36.887Z
sensor.alpstuga_air_quality_monitor_pm2_5_2,3.0,2026-01-16T20:40:14.722Z
sensor.alpstuga_air_quality_monitor_pm2_5_2,4.0,2026-01-16T20:40:44.407Z
sensor.alpstuga_air_quality_monitor_pm2_5_2,3.0,2026-01-16T20:41:04.097Z
sensor.alpstuga_air_quality_monitor_pm2_5_2,4.0,2026-01-16T20:41:23.946Z
sensor.alpstuga_air_quality_monitor_pm2_5_2,3.0,2026-01-16T20:41:53.704Z
sensor.alpstuga_air_quality_monitor_pm2_5_2,4.0,2026-01-16T20:42:33.402Z
sensor.alpstuga_air_quality_monitor_pm2_5_2,3.0,2026-01-16T20:43:22.801Z
sensor.alpstuga_air_quality_monitor_pm2_5_2,4.0,2026-01-16T20:48:49.676Z
sensor.alpstuga_air_quality_monitor_pm2_5_2,3.0,2026-01-16T20:50:38.604Z
sensor.alpstuga_air_quality_monitor_pm2_5_2,4.0,2026-01-16T20:51:47.939Z
sensor.alpstuga_air_quality_monitor_pm2_5_2,3.0,2026-01-16T20:52:07.644Z
sensor.alpstuga_air_quality_monitor_pm2_5_2,4.0,2026-01-16T20:52:57.227Z
sensor.alpstuga_air_quality_monitor_pm2_5_2,3.0,2026-01-16T20:53:56.634Z
sensor.alpstuga_air_quality_monitor_pm2_5_2,4.0,2026-01-16T20:54:06.523Z
sensor.alpstuga_air_quality_monitor_pm2_5_2,3.0,2026-01-16T20:55:25.784Z
sensor.alpstuga_air_quality_monitor_pm2_5_2,4.0,2026-01-16T20:57:04.714Z
sensor.alpstuga_air_quality_monitor_pm2_5_2,3.0,2026-01-16T20:58:14.123Z
sensor.alpstuga_air_quality_monitor_pm2_5_2,4.0,2026-01-16T20:59:53.133Z
sensor.alpstuga_air_quality_monitor_pm2_5_2,3.0,2026-01-16T21:00:13.007Z
sensor.alpstuga_air_quality_monitor_pm2_5_2,2.0,2026-01-16T21:03:11.108Z
sensor.alpstuga_air_quality_monitor_pm2_5_2,3.0,2026-01-16T21:03:40.910Z
sensor.alpstuga_air_quality_monitor_pm2_5_2,4.0,2026-01-16T21:04:40.320Z
sensor.alpstuga_air_quality_monitor_pm2_5_2,3.0,2026-01-16T21:05:49.655Z
sensor.alpstuga_air_quality_monitor_pm2_5_2,2.0,2026-01-16T21:07:58.455Z
sensor.alpstuga_air_quality_monitor_pm2_5_2,3.0,2026-01-16T21:08:08.299Z
sensor.alpstuga_air_quality_monitor_pm2_5_2,4.0,2026-01-16T21:10:46.660Z
sensor.alpstuga_air_quality_monitor_pm2_5_2,3.0,2026-01-16T21:11:16.429Z
sensor.alpstuga_air_quality_monitor_pm2_5_2,4.0,2026-01-16T21:11:26.382Z
sensor.alpstuga_air_quality_monitor_pm2_5_2,3.0,2026-01-16T21:11:36.270Z
sensor.alpstuga_air_quality_monitor_pm2_5_2,4.0,2026-01-16T21:13:05.306Z
sensor.alpstuga_air_quality_monitor_pm2_5_2,3.0,2026-01-16T21:14:44.492Z
sensor.alpstuga_air_quality_monitor_pm2_5_2,4.0,2026-01-16T21:15:24.000Z
sensor.alpstuga_air_quality_monitor_pm2_5_2,3.0,2026-01-16T21:15:53.748Z
sensor.alpstuga_air_quality_monitor_pm2_5_2,4.0,2026-01-16T21:17:03.128Z
sensor.alpstuga_air_quality_monitor_pm2_5_2,3.0,2026-01-16T21:17:42.659Z
sensor.alpstuga_air_quality_monitor_pm2_5_2,4.0,2026-01-16T21:17:52.591Z
sensor.alpstuga_air_quality_monitor_pm2_5_2,3.0,2026-01-16T21:18:02.490Z
sensor.alpstuga_air_quality_monitor_pm2_5_2,4.0,2026-01-16T21:20:21.174Z
sensor.alpstuga_air_quality_monitor_pm2_5_2,3.0,2026-01-16T21:20:31.074Z
sensor.alpstuga_air_quality_monitor_pm2_5_2,2.0,2026-01-16T21:22:10.134Z
sensor.alpstuga_air_quality_monitor_pm2_5_2,3.0,2026-01-16T21:23:09.542Z
sensor.alpstuga_air_quality_monitor_pm2_5_2,2.0,2026-01-16T21:24:58.458Z
sensor.alpstuga_air_quality_monitor_pm2_5_2,3.0,2026-01-16T21:25:08.389Z
sensor.alpstuga_air_quality_monitor_pm2_5_2,2.0,2026-01-16T21:25:28.174Z
sensor.alpstuga_air_quality_monitor_pm2_5_2,3.0,2026-01-16T21:26:37.503Z
sensor.alpstuga_air_quality_monitor_pm2_5_2,2.0,2026-01-16T21:26:47.433Z
sensor.alpstuga_air_quality_monitor_pm2_5_2,3.0,2026-01-16T21:28:26.491Z
sensor.alpstuga_air_quality_monitor_pm2_5_2,2.0,2026-01-16T21:30:25.358Z
sensor.alpstuga_air_quality_monitor_pm2_5_2,3.0,2026-01-16T21:31:24.781Z
sensor.alpstuga_air_quality_monitor_pm2_5_2,2.0,2026-01-16T21:34:03.163Z
sensor.alpstuga_air_quality_monitor_pm2_5_2,3.0,2026-01-16T21:39:49.905Z
sensor.alpstuga_air_quality_monitor_pm2_5_2,2.0,2026-01-16T21:40:09.620Z
sensor.alpstuga_air_quality_monitor_pm2_5_2,3.0,2026-01-16T21:40:19.673Z
sensor.alpstuga_air_quality_monitor_pm2_5_2,2.0,2026-01-16T21:43:07.867Z
sensor.alpstuga_air_quality_monitor_pm2_5_2,3.0,2026-01-16T21:43:17.780Z
sensor.alpstuga_air_quality_monitor_pm2_5_2,2.0,2026-01-16T21:43:27.750Z
sensor.alpstuga_air_quality_monitor_pm2_5_2,3.0,2026-01-16T21:44:27.204Z
sensor.alpstuga_air_quality_monitor_pm2_5_2,2.0,2026-01-16T21:44:37.084Z
sensor.alpstuga_air_quality_monitor_pm2_5_2,3.0,2026-01-16T21:45:36.416Z
sensor.alpstuga_air_quality_monitor_pm2_5_2,2.0,2026-01-16T21:46:25.987Z
sensor.alpstuga_air_quality_monitor_pm2_5_2,3.0,2026-01-16T21:47:05.414Z
sensor.alpstuga_air_quality_monitor_pm2_5_2,2.0,2026-01-16T21:47:15.393Z
sensor.alpstuga_air_quality_monitor_pm2_5_2,3.0,2026-01-16T21:47:35.250Z
sensor.alpstuga_air_quality_monitor_pm2_5_2,2.0,2026-01-16T21:49:24.095Z
sensor.alpstuga_air_quality_monitor_pm2_5_2,3.0,2026-01-16T21:49:34.079Z
sensor.alpstuga_air_quality_monitor_pm2_5_2,2.0,2026-01-16T21:50:33.508Z
sensor.alpstuga_air_quality_monitor_pm2_5_2,3.0,2026-01-16T21:51:22.979Z
sensor.alpstuga_air_quality_monitor_pm2_5_2,2.0,2026-01-16T21:51:52.683Z
sensor.alpstuga_air_quality_monitor_pm2_5_2,3.0,2026-01-16T21:53:11.880Z
sensor.alpstuga_air_quality_monitor_pm2_5_2,2.0,2026-01-16T21:54:50.953Z
sensor.alpstuga_air_quality_monitor_pm2_5_2,3.0,2026-01-16T21:57:49.072Z
sensor.alpstuga_air_quality_monitor_pm2_5_2,2.0,2026-01-16T21:58:48.601Z
sensor.alpstuga_air_quality_monitor_pm2_5_2,3.0,2026-01-16T22:00:07.761Z
sensor.alpstuga_air_quality_monitor_pm2_5_2,2.0,2026-01-16T22:00:27.585Z
sensor.alpstuga_air_quality_monitor_pm2_5_2,3.0,2026-01-16T22:01:17.222Z
sensor.alpstuga_air_quality_monitor_pm2_5_2,2.0,2026-01-16T22:01:46.902Z
sensor.alpstuga_air_quality_monitor_pm2_5_2,3.0,2026-01-16T22:12:10.788Z
sensor.alpstuga_air_quality_monitor_pm2_5_2,2.0,2026-01-16T22:13:00.377Z
sensor.alpstuga_air_quality_monitor_pm2_5_2,3.0,2026-01-16T22:15:29.003Z
sensor.alpstuga_air_quality_monitor_pm2_5_2,2.0,2026-01-16T22:17:08.018Z
sensor.alpstuga_air_quality_monitor_pm2_5_2,3.0,2026-01-16T22:24:43.524Z
sensor.alpstuga_air_quality_monitor_pm2_5_2,2.0,2026-01-16T22:25:52.881Z
sensor.alpstuga_air_quality_monitor_pm2_5_2,3.0,2026-01-16T22:27:31.836Z
sensor.alpstuga_air_quality_monitor_pm2_5_2,2.0,2026-01-16T22:29:10.904Z
sensor.alpstuga_air_quality_monitor_pm2_5_2,3.0,2026-01-16T22:29:30.645Z
sensor.alpstuga_air_quality_monitor_pm2_5_2,2.0,2026-01-16T22:30:50.004Z
sensor.alpstuga_air_quality_monitor_pm2_5_2,3.0,2026-01-16T22:32:58.720Z
sensor.alpstuga_air_quality_monitor_pm2_5_2,2.0,2026-01-16T22:34:57.850Z
sensor.alpstuga_air_quality_monitor_pm2_5_2,3.0,2026-01-16T22:35:27.296Z
sensor.alpstuga_air_quality_monitor_pm2_5_2,2.0,2026-01-16T22:35:56.920Z
sensor.alpstuga_air_quality_monitor_pm2_5_2,3.0,2026-01-16T22:37:06.339Z
sensor.alpstuga_air_quality_monitor_pm2_5_2,2.0,2026-01-16T22:37:26.159Z
sensor.alpstuga_air_quality_monitor_pm2_5_2,3.0,2026-01-16T22:38:05.664Z
sensor.alpstuga_air_quality_monitor_pm2_5_2,2.0,2026-01-16T22:39:05.162Z
sensor.alpstuga_air_quality_monitor_pm2_5_2,3.0,2026-01-16T22:42:52.929Z
sensor.alpstuga_air_quality_monitor_pm2_5_2,2.0,2026-01-16T22:44:02.272Z
sensor.alpstuga_air_quality_monitor_pm2_5_2,3.0,2026-01-16T22:44:51.785Z
sensor.alpstuga_air_quality_monitor_pm2_5_2,2.0,2026-01-16T22:45:21.490Z
sensor.alpstuga_air_quality_monitor_pm2_5_2,3.0,2026-01-16T22:48:39.548Z
sensor.alpstuga_air_quality_monitor_pm2_5_2,2.0,2026-01-16T22:48:49.547Z
sensor.alpstuga_air_quality_monitor_pm2_5_2,3.0,2026-01-16T22:50:58.204Z
sensor.alpstuga_air_quality_monitor_pm2_5_2,2.0,2026-01-16T22:51:08.178Z
sensor.alpstuga_air_quality_monitor_pm2_5_2,3.0,2026-01-16T22:52:27.288Z
sensor.alpstuga_air_quality_monitor_pm2_5_2,2.0,2026-01-16T22:53:16.926Z
sensor.alpstuga_air_quality_monitor_pm2_5_2,3.0,2026-01-16T22:53:56.489Z
sensor.alpstuga_air_quality_monitor_pm2_5_2,2.0,2026-01-16T22:55:35.600Z
sensor.alpstuga_air_quality_monitor_pm2_5_2,3.0,2026-01-16T23:00:03.017Z
sensor.alpstuga_air_quality_monitor_pm2_5_2,2.0,2026-01-16T23:00:52.520Z
sensor.alpstuga_air_quality_monitor_pm2_5_2,3.0,2026-01-16T23:01:22.204Z
sensor.alpstuga_air_quality_monitor_pm2_5_2,2.0,2026-01-16T23:03:01.344Z
sensor.alpstuga_air_quality_monitor_pm2_5_2,3.0,2026-01-16T23:05:59.495Z
sensor.alpstuga_air_quality_monitor_pm2_5_2,2.0,2026-01-16T23:06:39.134Z
sensor.alpstuga_air_quality_monitor_pm2_5_2,3.0,2026-01-16T23:06:58.805Z
sensor.alpstuga_air_quality_monitor_pm2_5_2,2.0,2026-01-16T23:08:08.340Z
sensor.alpstuga_air_quality_monitor_pm2_5_2,3.0,2026-01-16T23:10:36.889Z
sensor.alpstuga_air_quality_monitor_pm2_5_2,2.0,2026-01-16T23:22:39.921Z
sensor.alpstuga_air_quality_monitor_pm2_5_2,3.0,2026-01-16T23:22:49.925Z
sensor.alpstuga_air_quality_monitor_pm2_5_2,2.0,2026-01-16T23:23:19.589Z
sensor.alpstuga_air_quality_monitor_pm2_5_2,3.0,2026-01-16T23:23:29.467Z
sensor.alpstuga_air_quality_monitor_pm2_5_2,4.0,2026-01-16T23:24:58.604Z
sensor.alpstuga_air_quality_monitor_pm2_5_2,3.0,2026-01-16T23:25:28.375Z
sensor.alpstuga_air_quality_monitor_pm2_5_2,2.0,2026-01-16T23:31:14.876Z
sensor.alpstuga_air_quality_monitor_pm2_5_2,3.0,2026-01-16T23:31:24.804Z
sensor.alpstuga_air_quality_monitor_pm2_5_2,4.0,2026-01-16T23:32:44.047Z
sensor.alpstuga_air_quality_monitor_pm2_5_2,3.0,2026-01-16T23:33:43.424Z
sensor.alpstuga_air_quality_monitor_pm2_5_2,2.0,2026-01-16T23:38:20.894Z
sensor.alpstuga_air_quality_monitor_pm2_5_2,3.0,2026-01-16T23:38:30.795Z
sensor.alpstuga_air_quality_monitor_pm2_5_2,2.0,2026-01-16T23:39:40.096Z
sensor.alpstuga_air_quality_monitor_pm2_5_2,3.0,2026-01-16T23:39:59.924Z
sensor.alpstuga_air_quality_monitor_pm2_5_2,2.0,2026-01-16T23:42:18.637Z
sensor.alpstuga_air_quality_monitor_pm2_5_2,3.0,2026-01-16T23:42:28.539Z
sensor.alpstuga_air_quality_monitor_pm2_5_2,2.0,2026-01-16T23:42:48.382Z
sensor.alpstuga_air_quality_monitor_pm2_5_2,3.0,2026-01-16T23:43:28.077Z
sensor.alpstuga_air_quality_monitor_pm2_5_2,2.0,2026-01-16T23:45:26.883Z
sensor.alpstuga_air_quality_monitor_pm2_5_2,3.0,2026-01-16T23:46:46.025Z
sensor.alpstuga_air_quality_monitor_pm2_5_2,2.0,2026-01-16T23:47:05.914Z
sensor.alpstuga_air_quality_monitor_pm2_5_2,3.0,2026-01-16T23:48:05.353Z
sensor.alpstuga_air_quality_monitor_pm2_5_2,2.0,2026-01-16T23:49:04.669Z
sensor.alpstuga_air_quality_monitor_pm2_5_2,3.0,2026-01-16T23:49:14.623Z
sensor.alpstuga_air_quality_monitor_pm2_5_2,2.0,2026-01-16T23:50:24.037Z
sensor.alpstuga_air_quality_monitor_pm2_5_2,3.0,2026-01-16T23:50:33.920Z
sensor.alpstuga_air_quality_monitor_pm2_5_2,2.0,2026-01-16T23:50:53.685Z
sensor.alpstuga_air_quality_monitor_pm2_5_2,3.0,2026-01-16T23:54:51.316Z
sensor.alpstuga_air_quality_monitor_pm2_5_2,2.0,2026-01-16T23:55:31.026Z
sensor.alpstuga_air_quality_monitor_pm2_5_2,3.0,2026-01-16T23:59:18.778Z
sensor.alpstuga_air_quality_monitor_pm2_5_2,2.0,2026-01-16T23:59:38.623Z
sensor.alpstuga_air_quality_monitor_pm2_5_2,3.0,2026-01-17T00:01:47.389Z
sensor.alpstuga_air_quality_monitor_pm2_5_2,2.0,2026-01-17T00:02:46.930Z
sensor.alpstuga_air_quality_monitor_pm2_5_2,3.0,2026-01-17T00:02:56.801Z
sensor.alpstuga_air_quality_monitor_pm2_5_2,2.0,2026-01-17T00:03:06.770Z
sensor.alpstuga_air_quality_monitor_pm2_5_2,3.0,2026-01-17T00:03:26.431Z
sensor.alpstuga_air_quality_monitor_pm2_5_2,2.0,2026-01-17T00:03:46.248Z
sensor.alpstuga_air_quality_monitor_pm2_5_2,3.0,2026-01-17T00:05:35.201Z
sensor.alpstuga_air_quality_monitor_pm2_5_2,2.0,2026-01-17T00:06:24.831Z
sensor.alpstuga_air_quality_monitor_pm2_5_2,3.0,2026-01-17T00:16:19.072Z
sensor.alpstuga_air_quality_monitor_pm2_5_2,2.0,2026-01-17T00:16:28.942Z
sensor.alpstuga_air_quality_monitor_pm2_5_2,1.0,2026-01-17T00:20:26.736Z
sensor.alpstuga_air_quality_monitor_pm2_5_2,2.0,2026-01-17T00:20:56.389Z
sensor.alpstuga_air_quality_monitor_pm2_5_2,1.0,2026-01-17T00:25:43.604Z
sensor.alpstuga_air_quality_monitor_pm2_5_2,2.0,2026-01-17T00:28:02.147Z
sensor.alpstuga_air_quality_monitor_pm2_5_2,3.0,2026-01-17T00:29:41.313Z
sensor.alpstuga_air_quality_monitor_pm2_5_2,2.0,2026-01-17T00:30:20.850Z
sensor.alpstuga_air_quality_monitor_pm2_5_2,3.0,2026-01-17T00:31:50.035Z
sensor.alpstuga_air_quality_monitor_pm2_5_2,2.0,2026-01-17T00:32:59.422Z
sensor.alpstuga_air_quality_monitor_pm2_5_2,3.0,2026-01-17T00:34:28.630Z
sensor.alpstuga_air_quality_monitor_pm2_5_2,2.0,2026-01-17T00:35:27.900Z
sensor.alpstuga_air_quality_monitor_pm2_5_2,1.0,2026-01-17T00:37:16.935Z
sensor.alpstuga_air_quality_monitor_pm2_5_2,2.0,2026-01-17T00:37:26.722Z
sensor.alpstuga_air_quality_monitor_pm2_5_2,3.0,2026-01-17T00:38:36.179Z
sensor.alpstuga_air_quality_monitor_pm2_5_2,2.0,2026-01-17T00:38:55.996Z
sensor.alpstuga_air_quality_monitor_pm2_5_2,3.0,2026-01-17T00:39:05.909Z
sensor.alpstuga_air_quality_monitor_pm2_5_2,2.0,2026-01-17T00:39:15.795Z
sensor.alpstuga_air_quality_monitor_pm2_5_2,1.0,2026-01-17T00:53:47.268Z
sensor.alpstuga_air_quality_monitor_pm2_5_2,2.0,2026-01-17T00:53:57.193Z
sensor.alpstuga_air_quality_monitor_pm2_5_2,1.0,2026-01-17T00:55:16.331Z
sensor.alpstuga_air_quality_monitor_pm2_5_2,2.0,2026-01-17T00:56:25.766Z
sensor.alpstuga_air_quality_monitor_pm2_5_2,3.0,2026-01-17T01:05:40.364Z
sensor.alpstuga_air_quality_monitor_pm2_5_2,2.0,2026-01-17T01:06:00.098Z
sensor.alpstuga_air_quality_monitor_pm2_5_2,1.0,2026-01-17T01:11:56.557Z
sensor.alpstuga_air_quality_monitor_pm2_5_2,2.0,2026-01-17T01:12:56.107Z
sensor.alpstuga_air_quality_monitor_pm2_5_2,1.0,2026-01-17T01:14:35.166Z
sensor.alpstuga_air_quality_monitor_pm2_5_2,2.0,2026-01-17T01:16:14.181Z
sensor.alpstuga_air_quality_monitor_pm2_5_2,1.0,2026-01-17T01:17:53.324Z
sensor.alpstuga_air_quality_monitor_pm2_5_2,2.0,2026-01-17T01:18:22.938Z
sensor.alpstuga_air_quality_monitor_pm2_5_2,1.0,2026-01-17T01:20:02.063Z
sensor.alpstuga_air_quality_monitor_pm2_5_2,2.0,2026-01-17T01:23:10.177Z
sensor.alpstuga_air_quality_monitor_pm2_5_2,1.0,2026-01-17T01:23:39.919Z
sensor.alpstuga_air_quality_monitor_pm2_5_2,2.0,2026-01-17T01:28:56.868Z
sensor.alpstuga_air_quality_monitor_pm2_5_2,1.0,2026-01-17T01:29:06.687Z
sensor.alpstuga_air_quality_monitor_pm2_5_2,2.0,2026-01-17T01:31:35.164Z
sensor.alpstuga_air_quality_monitor_pm2_5_2,1.0,2026-01-17T01:33:34.120Z
sensor.alpstuga_air_quality_monitor_pm2_5_2,2.0,2026-01-17T01:42:48.602Z
sensor.alpstuga_air_quality_monitor_pm2_5_2,1.0,2026-01-17T01:44:17.911Z
sensor.alpstuga_air_quality_monitor_pm2_5_2,2.0,2026-01-17T02:27:42.816Z
sensor.alpstuga_air_quality_monitor_pm2_5_2,1.0,2026-01-17T02:29:02.123Z
sensor.alpstuga_air_quality_monitor_pm2_5_2,2.0,2026-01-17T02:48:50.590Z
sensor.alpstuga_air_quality_monitor_pm2_5_2,1.0,2026-01-17T02:52:48.379Z
sensor.alpstuga_air_quality_monitor_pm2_5_2,2.0,2026-01-17T02:55:56.446Z
sensor.alpstuga_air_quality_monitor_pm2_5_2,1.0,2026-01-17T02:56:55.955Z
sensor.alpstuga_air_quality_monitor_pm2_5_2,2.0,2026-01-17T02:57:05.841Z
sensor.alpstuga_air_quality_monitor_pm2_5_2,1.0,2026-01-17T03:00:14.042Z
sensor.alpstuga_air_quality_monitor_pm2_5_2,2.0,2026-01-17T03:00:43.774Z
sensor.alpstuga_air_quality_monitor_pm2_5_2,1.0,2026-01-17T03:01:43.296Z
sensor.alpstuga_air_quality_monitor_pm2_5_2,2.0,2026-01-17T03:14:06.013Z
sensor.alpstuga_air_quality_monitor_pm2_5_2,1.0,2026-01-17T03:17:53.826Z
sensor.alpstuga_air_quality_monitor_pm2_5_2,2.0,2026-01-17T03:24:10.249Z
sensor.alpstuga_air_quality_monitor_pm2_5_2,1.0,2026-01-17T03:24:59.815Z
sensor.alpstuga_air_quality_monitor_pm2_5_2,2.0,2026-01-17T03:28:27.838Z
sensor.alpstuga_air_quality_monitor_pm2_5_2,1.0,2026-01-17T03:28:47.565Z
sensor.alpstuga_air_quality_monitor_pm2_5_2,2.0,2026-01-17T03:36:13.133Z
sensor.alpstuga_air_quality_monitor_pm2_5_2,1.0,2026-01-17T03:37:12.684Z
sensor.alpstuga_air_quality_monitor_pm2_5_2,2.0,2026-01-17T03:43:48.642Z
sensor.alpstuga_air_quality_monitor_pm2_5_2,3.0,2026-01-17T03:45:57.488Z
sensor.alpstuga_air_quality_monitor_pm2_5_2,4.0,2026-01-17T03:46:07.343Z
sensor.alpstuga_air_quality_monitor_pm2_5_2,5.0,2026-01-17T03:46:17.258Z
sensor.alpstuga_air_quality_monitor_pm2_5_2,6.0,2026-01-17T03:47:06.635Z
sensor.alpstuga_air_quality_monitor_pm2_5_2,7.0,2026-01-17T03:47:26.486Z
sensor.alpstuga_air_quality_monitor_pm2_5_2,8.0,2026-01-17T03:47:46.292Z
sensor.alpstuga_air_quality_monitor_pm2_5_2,7.0,2026-01-17T03:48:35.827Z
sensor.alpstuga_air_quality_monitor_pm2_5_2,6.0,2026-01-17T03:48:55.580Z
sensor.alpstuga_air_quality_monitor_pm2_5_2,7.0,2026-01-17T03:49:25.326Z
sensor.alpstuga_air_quality_monitor_pm2_5_2,6.0,2026-01-17T03:49:55.079Z
sensor.alpstuga_air_quality_monitor_pm2_5_2,7.0,2026-01-17T03:50:04.959Z
sensor.alpstuga_air_quality_monitor_pm2_5_2,6.0,2026-01-17T03:50:14.896Z
sensor.alpstuga_air_quality_monitor_pm2_5_2,5.0,2026-01-17T03:50:34.695Z
sensor.alpstuga_air_quality_monitor_pm2_5_2,6.0,2026-01-17T03:51:04.334Z
sensor.alpstuga_air_quality_monitor_pm2_5_2,7.0,2026-01-17T03:51:44.071Z
sensor.alpstuga_air_quality_monitor_pm2_5_2,6.0,2026-01-17T03:52:03.851Z
sensor.alpstuga_air_quality_monitor_pm2_5_2,7.0,2026-01-17T03:52:43.424Z
sensor.alpstuga_air_quality_monitor_pm2_5_2,6.0,2026-01-17T03:53:03.248Z
sensor.alpstuga_air_quality_monitor_pm2_5_2,5.0,2026-01-17T03:53:42.868Z
sensor.alpstuga_air_quality_monitor_pm2_5_2,4.0,2026-01-17T03:54:42.359Z
sensor.alpstuga_air_quality_monitor_pm2_5_2,5.0,2026-01-17T03:55:02.197Z
sensor.alpstuga_air_quality_monitor_pm2_5_2,4.0,2026-01-17T03:55:31.867Z
sensor.alpstuga_air_quality_monitor_pm2_5_2,3.0,2026-01-17T03:56:01.524Z
sensor.alpstuga_air_quality_monitor_pm2_5_2,4.0,2026-01-17T03:56:11.472Z
sensor.alpstuga_air_quality_monitor_pm2_5_2,5.0,2026-01-17T03:56:41.162Z
sensor.alpstuga_air_quality_monitor_pm2_5_2,4.0,2026-01-17T03:57:20.831Z
sensor.alpstuga_air_quality_monitor_pm2_5_2,3.0,2026-01-17T03:58:20.220Z
sensor.alpstuga_air_quality_monitor_pm2_5_2,4.0,2026-01-17T04:00:38.882Z
sensor.alpstuga_air_quality_monitor_pm2_5_2,3.0,2026-01-17T04:00:48.801Z
sensor.alpstuga_air_quality_monitor_pm2_5_2,2.0,2026-01-17T04:01:58.024Z
sensor.alpstuga_air_quality_monitor_pm2_5_2,3.0,2026-01-17T04:02:17.993Z
sensor.alpstuga_air_quality_monitor_pm2_5_2,2.0,2026-01-17T04:02:27.834Z
sensor.alpstuga_air_quality_monitor_pm2_5_2,3.0,2026-01-17T04:07:54.541Z
sensor.alpstuga_air_quality_monitor_pm2_5_2,4.0,2026-01-17T04:08:04.385Z
sensor.alpstuga_air_quality_monitor_pm2_5_2,5.0,2026-01-17T04:08:14.387Z
sensor.alpstuga_air_quality_monitor_pm2_5_2,4.0,2026-01-17T04:08:44.086Z
sensor.alpstuga_air_quality_monitor_pm2_5_2,6.0,2026-01-17T04:09:13.869Z
sensor.alpstuga_air_quality_monitor_pm2_5_2,7.0,2026-01-17T04:09:23.793Z
sensor.alpstuga_air_quality_monitor_pm2_5_2,8.0,2026-01-17T04:09:33.705Z
sensor.alpstuga_air_quality_monitor_pm2_5_2,9.0,2026-01-17T04:09:43.577Z
sensor.alpstuga_air_quality_monitor_pm2_5_2,10.0,2026-01-17T04:10:23.094Z
sensor.alpstuga_air_quality_monitor_pm2_5_2,9.0,2026-01-17T04:11:02.745Z
sensor.alpstuga_air_quality_monitor_pm2_5_2,10.0,2026-01-17T04:11:32.580Z
sensor.alpstuga_air_quality_monitor_pm2_5_2,9.0,2026-01-17T04:11:42.459Z
sensor.alpstuga_air_quality_monitor_pm2_5_2,10.0,2026-01-17T04:11:52.361Z
sensor.alpstuga_air_quality_monitor_pm2_5_2,9.0,2026-01-17T04:12:41.797Z
sensor.alpstuga_air_quality_monitor_pm2_5_2,8.0,2026-01-17T04:13:41.379Z
sensor.alpstuga_air_quality_monitor_pm2_5_2,9.0,2026-01-17T04:14:01.115Z
sensor.alpstuga_air_quality_monitor_pm2_5_2,10.0,2026-01-17T04:14:40.616Z
sensor.alpstuga_air_quality_monitor_pm2_5_2,9.0,2026-01-17T04:14:50.590Z
sensor.alpstuga_air_quality_monitor_pm2_5_2,8.0,2026-01-17T04:15:10.424Z
sensor.alpstuga_air_quality_monitor_pm2_5_2,9.0,2026-01-17T04:16:49.359Z
sensor.alpstuga_air_quality_monitor_pm2_5_2,10.0,2026-01-17T04:17:09.231Z
sensor.alpstuga_air_quality_monitor_pm2_5_2,9.0,2026-01-17T04:18:18.624Z
sensor.alpstuga_air_quality_monitor_pm2_5_2,8.0,2026-01-17T04:18:38.413Z
sensor.alpstuga_air_quality_monitor_pm2_5_2,7.0,2026-01-17T04:18:48.301Z
sensor.alpstuga_air_quality_monitor_pm2_5_2,8.0,2026-01-17T04:19:27.878Z
sensor.alpstuga_air_quality_monitor_pm2_5_2,7.0,2026-01-17T04:19:37.793Z
sensor.alpstuga_air_quality_monitor_pm2_5_2,8.0,2026-01-17T04:19:47.682Z
sensor.alpstuga_air_quality_monitor_pm2_5_2,7.0,2026-01-17T04:19:57.638Z
sensor.alpstuga_air_quality_monitor_pm2_5_2,6.0,2026-01-17T04:20:27.442Z
sensor.alpstuga_air_quality_monitor_pm2_5_2,5.0,2026-01-17T04:20:57.069Z
sensor.alpstuga_air_quality_monitor_pm2_5_2,6.0,2026-01-17T04:21:06.977Z
sensor.alpstuga_air_quality_monitor_pm2_5_2,unavailable,2026-01-17T04:23:13.232Z
sensor.alpstuga_air_quality_monitor_pm2_5_2,5.0,2026-01-17T04:23:51.741Z
sensor.alpstuga_air_quality_monitor_pm2_5_2,6.0,2026-01-17T04:24:34.919Z
sensor.alpstuga_air_quality_monitor_pm2_5_2,3.0,2026-01-17T04:26:37.386Z
sensor.alpstuga_air_quality_monitor_pm2_5_2,4.0,2026-01-17T04:26:53.571Z
sensor.alpstuga_air_quality_monitor_pm2_5_2,3.0,2026-01-17T04:28:12.825Z
sensor.alpstuga_air_quality_monitor_pm2_5_2,2.0,2026-01-17T04:30:51.147Z
sensor.alpstuga_air_quality_monitor_pm2_5_2,3.0,2026-01-17T04:31:40.796Z
sensor.alpstuga_air_quality_monitor_pm2_5_2,2.0,2026-01-17T04:32:40.223Z
sensor.alpstuga_air_quality_monitor_pm2_5_2,1.0,2026-01-17T04:37:57.133Z
sensor.alpstuga_air_quality_monitor_pm2_5_2,0.0,2026-01-17T04:46:02.474Z
sensor.alpstuga_air_quality_monitor_pm2_5_2,1.0,2026-01-17T04:49:10.678Z
sensor.alpstuga_air_quality_monitor_pm2_5_2,0.0,2026-01-17T04:50:19.934Z
